character_names,season,number_in_season,word_count
Bart Simpson,1,1,335.0
Bart Simpson,1,2,619.0
Bart Simpson,1,3,209.0
Bart Simpson,1,4,189.0
Bart Simpson,1,5,795.0
Bart Simpson,1,6,400.0
Bart Simpson,1,7,176.0
Bart Simpson,1,8,555.0
Bart Simpson,1,9,293.0
Bart Simpson,1,10,260.0
Bart Simpson,1,11,387.0
Bart Simpson,1,12,392.0
Bart Simpson,1,13,258.0
Bart Simpson,2,1,1063.0
Bart Simpson,2,2,26.0
Bart Simpson,2,3,236.0
Bart Simpson,2,4,65.0
Bart Simpson,2,5,150.0
Bart Simpson,2,6,213.0
Bart Simpson,2,7,513.0
Bart Simpson,2,8,356.0
Bart Simpson,2,9,102.0
Bart Simpson,2,10,193.0
Bart Simpson,2,11,162.0
Bart Simpson,2,12,71.0
Bart Simpson,2,13,212.0
Bart Simpson,2,14,110.0
Bart Simpson,2,15,115.0
Bart Simpson,2,16,321.0
Bart Simpson,2,17,92.0
Bart Simpson,2,18,113.0
Bart Simpson,2,19,196.0
Bart Simpson,2,20,265.0
Bart Simpson,2,21,916.0
Bart Simpson,2,22,189.0
Bart Simpson,3,1,531.0
Bart Simpson,3,2,140.0
Bart Simpson,3,3,206.0
Bart Simpson,3,4,349.0
Bart Simpson,3,5,269.0
Bart Simpson,3,6,490.0
Bart Simpson,3,7,218.0
Bart Simpson,3,8,146.0
Bart Simpson,3,9,362.0
Bart Simpson,3,10,146.0
Bart Simpson,3,11,159.0
Bart Simpson,3,12,88.0
Bart Simpson,3,13,457.0
Bart Simpson,3,14,152.0
Bart Simpson,3,15,82.0
Bart Simpson,3,16,395.0
Bart Simpson,3,17,82.0
Bart Simpson,3,18,392.0
Bart Simpson,3,19,169.0
Bart Simpson,3,20,95.0
Bart Simpson,3,21,300.0
Bart Simpson,3,22,262.0
Bart Simpson,3,23,593.0
Bart Simpson,3,24,170.0
Bart Simpson,4,1,521.0
Bart Simpson,4,2,63.0
Bart Simpson,4,3,78.0
Bart Simpson,4,4,196.0
Bart Simpson,4,5,248.0
Bart Simpson,4,6,334.0
Bart Simpson,4,7,127.0
Bart Simpson,4,8,327.0
Bart Simpson,4,9,40.0
Bart Simpson,4,10,304.0
Bart Simpson,4,11,69.0
Bart Simpson,4,12,111.0
Bart Simpson,4,13,155.0
Bart Simpson,4,14,299.0
Bart Simpson,4,15,158.0
Bart Simpson,4,16,127.0
Bart Simpson,4,17,67.0
Bart Simpson,4,18,200.0
Bart Simpson,4,19,241.0
Bart Simpson,4,20,252.0
Bart Simpson,4,21,126.0
Bart Simpson,4,22,165.0
Bart Simpson,5,1,109.0
Bart Simpson,5,2,171.0
Bart Simpson,5,3,124.0
Bart Simpson,5,4,75.0
Bart Simpson,5,5,383.0
Bart Simpson,5,6,60.0
Bart Simpson,5,7,155.0
Bart Simpson,5,8,412.0
Bart Simpson,5,9,113.0
Bart Simpson,5,10,67.0
Bart Simpson,5,11,46.0
Bart Simpson,5,12,503.0
Bart Simpson,5,13,31.0
Bart Simpson,5,14,80.0
Bart Simpson,5,15,65.0
Bart Simpson,5,16,68.0
Bart Simpson,5,17,415.0
Bart Simpson,5,18,294.0
Bart Simpson,5,19,386.0
Bart Simpson,5,20,384.0
Bart Simpson,5,21,256.0
Bart Simpson,5,22,90.0
Bart Simpson,6,1,538.0
Bart Simpson,6,2,343.0
Bart Simpson,6,3,88.0
Bart Simpson,6,4,262.0
Bart Simpson,6,5,176.0
Bart Simpson,6,6,129.0
Bart Simpson,6,7,865.0
Bart Simpson,6,8,241.0
Bart Simpson,6,9,139.0
Bart Simpson,6,10,189.0
Bart Simpson,6,11,74.0
Bart Simpson,6,12,47.0
Bart Simpson,6,13,86.0
Bart Simpson,6,14,218.0
Bart Simpson,6,15,92.0
Bart Simpson,6,16,429.0
Bart Simpson,6,17,301.0
Bart Simpson,6,18,150.0
Bart Simpson,6,19,142.0
Bart Simpson,6,20,305.0
Bart Simpson,6,21,352.0
Bart Simpson,6,22,257.0
Bart Simpson,6,23,66.0
Bart Simpson,6,24,638.0
Bart Simpson,6,25,75.0
Bart Simpson,7,1,33.0
Bart Simpson,7,2,426.0
Bart Simpson,7,3,126.0
Bart Simpson,7,4,506.0
Bart Simpson,7,5,137.0
Bart Simpson,7,6,224.0
Bart Simpson,7,7,166.0
Bart Simpson,7,8,116.0
Bart Simpson,7,9,185.0
Bart Simpson,7,10,126.0
Bart Simpson,7,11,511.0
Bart Simpson,7,12,114.0
Bart Simpson,7,13,180.0
Bart Simpson,7,14,79.0
Bart Simpson,7,15,531.0
Bart Simpson,7,16,52.0
Bart Simpson,7,17,49.0
Bart Simpson,7,18,548.0
Bart Simpson,7,19,14.0
Bart Simpson,7,20,475.0
Bart Simpson,7,21,77.0
Bart Simpson,7,22,353.0
Bart Simpson,7,23,45.0
Bart Simpson,7,24,162.0
Bart Simpson,7,25,261.0
Bart Simpson,8,1,177.0
Bart Simpson,8,2,132.0
Bart Simpson,8,3,157.0
Bart Simpson,8,4,55.0
Bart Simpson,8,5,258.0
Bart Simpson,8,6,95.0
Bart Simpson,8,7,49.0
Bart Simpson,8,8,35.0
Bart Simpson,8,9,73.0
Bart Simpson,8,10,140.0
Bart Simpson,8,11,42.0
Bart Simpson,8,12,113.0
Bart Simpson,8,13,173.0
Bart Simpson,8,14,176.0
Bart Simpson,8,15,230.0
Bart Simpson,8,16,316.0
Bart Simpson,8,17,394.0
Bart Simpson,8,18,161.0
Bart Simpson,8,19,343.0
Bart Simpson,8,20,898.0
Bart Simpson,8,21,50.0
Bart Simpson,8,22,84.0
Bart Simpson,8,23,130.0
Bart Simpson,8,24,60.0
Bart Simpson,8,25,342.0
Bart Simpson,9,1,148.0
Bart Simpson,9,2,116.0
Bart Simpson,9,3,173.0
Bart Simpson,9,4,191.0
Bart Simpson,9,5,142.0
Bart Simpson,9,6,224.0
Bart Simpson,9,7,51.0
Bart Simpson,9,8,69.0
Bart Simpson,9,9,47.0
Bart Simpson,9,10,378.0
Bart Simpson,9,11,80.0
Bart Simpson,9,12,363.0
Bart Simpson,9,13,118.0
Bart Simpson,9,14,404.0
Bart Simpson,9,15,302.0
Bart Simpson,9,16,44.0
Bart Simpson,9,17,147.0
Bart Simpson,9,18,712.0
Bart Simpson,9,19,155.0
Bart Simpson,9,20,33.0
Bart Simpson,9,21,662.0
Bart Simpson,9,22,57.0
Bart Simpson,9,23,250.0
Bart Simpson,9,24,231.0
Bart Simpson,9,25,173.0
Bart Simpson,10,1,151.0
Bart Simpson,10,2,174.0
Bart Simpson,10,3,524.0
Bart Simpson,10,4,181.0
Bart Simpson,10,5,98.0
Bart Simpson,10,6,71.0
Bart Simpson,10,7,180.0
Bart Simpson,10,8,91.0
Bart Simpson,10,9,89.0
Bart Simpson,10,10,27.0
Bart Simpson,10,11,266.0
Bart Simpson,10,12,83.0
Bart Simpson,10,13,23.0
Bart Simpson,10,14,94.0
Bart Simpson,10,15,122.0
Bart Simpson,10,16,150.0
Bart Simpson,10,17,175.0
Bart Simpson,10,18,274.0
Bart Simpson,10,19,74.0
Bart Simpson,10,20,423.0
Bart Simpson,10,21,62.0
Bart Simpson,10,22,47.0
Bart Simpson,10,23,164.0
Bart Simpson,11,1,51.0
Bart Simpson,11,2,444.0
Bart Simpson,11,3,101.0
Bart Simpson,11,4,176.0
Bart Simpson,11,5,142.0
Bart Simpson,11,6,22.0
Bart Simpson,11,7,55.0
Bart Simpson,11,8,81.0
Bart Simpson,11,9,289.0
Bart Simpson,11,10,218.0
Bart Simpson,11,11,369.0
Bart Simpson,11,12,59.0
Bart Simpson,11,13,211.0
Bart Simpson,11,14,112.0
Bart Simpson,11,15,97.0
Bart Simpson,11,16,82.0
Bart Simpson,11,17,879.0
Bart Simpson,11,18,151.0
Bart Simpson,11,19,92.0
Bart Simpson,11,20,177.0
Bart Simpson,11,21,196.0
Bart Simpson,11,22,206.0
Bart Simpson,12,1,114.0
Bart Simpson,12,2,165.0
Bart Simpson,12,3,92.0
Bart Simpson,12,4,113.0
Bart Simpson,12,5,114.0
Bart Simpson,12,6,64.0
Bart Simpson,12,7,497.0
Bart Simpson,12,8,234.0
Bart Simpson,12,9,30.0
Bart Simpson,12,10,65.0
Bart Simpson,12,11,359.0
Bart Simpson,12,12,139.0
Bart Simpson,12,13,100.0
Bart Simpson,12,14,205.0
Bart Simpson,12,15,57.0
Bart Simpson,12,16,39.0
Bart Simpson,12,17,134.0
Bart Simpson,12,18,108.0
Bart Simpson,12,19,90.0
Bart Simpson,12,20,138.0
Bart Simpson,12,21,26.0
Bart Simpson,13,1,118.0
Bart Simpson,13,2,291.0
Bart Simpson,13,3,81.0
Bart Simpson,13,4,23.0
Bart Simpson,13,5,42.0
Bart Simpson,13,6,139.0
Bart Simpson,13,7,140.0
Bart Simpson,13,8,56.0
Bart Simpson,13,9,107.0
Bart Simpson,13,10,54.0
Bart Simpson,13,11,461.0
Bart Simpson,13,12,342.0
Bart Simpson,13,13,68.0
Bart Simpson,13,14,200.0
Bart Simpson,13,15,154.0
Bart Simpson,13,16,32.0
Bart Simpson,13,17,27.0
Bart Simpson,13,18,372.0
Bart Simpson,13,19,34.0
Bart Simpson,13,20,216.0
Bart Simpson,13,21,39.0
Bart Simpson,13,22,65.0
Bart Simpson,14,1,74.0
Bart Simpson,14,2,102.0
Bart Simpson,14,3,436.0
Bart Simpson,14,4,294.0
Bart Simpson,14,5,163.0
Bart Simpson,14,6,79.0
Bart Simpson,14,7,400.0
Bart Simpson,14,8,99.0
Bart Simpson,14,9,103.0
Bart Simpson,14,10,74.0
Bart Simpson,14,11,482.0
Bart Simpson,14,12,95.0
Bart Simpson,14,13,44.0
Bart Simpson,14,14,149.0
Bart Simpson,14,15,79.0
Bart Simpson,14,16,187.0
Bart Simpson,14,17,153.0
Bart Simpson,14,18,114.0
Bart Simpson,14,19,212.0
Bart Simpson,14,20,63.0
Bart Simpson,14,21,260.0
Bart Simpson,14,22,35.0
Bart Simpson,15,1,274.0
Bart Simpson,15,2,118.0
Bart Simpson,15,3,106.0
Bart Simpson,15,4,181.0
Bart Simpson,15,5,195.0
Bart Simpson,15,6,109.0
Bart Simpson,15,7,75.0
Bart Simpson,15,8,154.0
Bart Simpson,15,9,475.0
Bart Simpson,15,10,63.0
Bart Simpson,15,11,63.0
Bart Simpson,15,12,464.0
Bart Simpson,15,13,70.0
Bart Simpson,15,14,142.0
Bart Simpson,15,15,132.0
Bart Simpson,15,16,435.0
Bart Simpson,15,17,114.0
Bart Simpson,15,18,303.0
Bart Simpson,15,19,115.0
Bart Simpson,15,20,174.0
Bart Simpson,15,21,191.0
Bart Simpson,15,22,76.0
Bart Simpson,16,1,45.0
Bart Simpson,16,2,226.0
Bart Simpson,16,3,193.0
Bart Simpson,16,4,66.0
Bart Simpson,16,5,426.0
Bart Simpson,16,6,19.0
Bart Simpson,16,7,42.0
Bart Simpson,16,8,60.0
Bart Simpson,16,9,421.0
Bart Simpson,16,10,150.0
Bart Simpson,16,11,321.0
Bart Simpson,16,12,17.0
Bart Simpson,16,13,162.0
Bart Simpson,16,14,108.0
Bart Simpson,16,15,544.0
Bart Simpson,16,16,115.0
Bart Simpson,16,17,226.0
Bart Simpson,16,18,116.0
Bart Simpson,16,19,45.0
Bart Simpson,16,20,114.0
Bart Simpson,16,21,403.0
Bart Simpson,17,1,128.0
Bart Simpson,17,2,161.0
Bart Simpson,17,3,488.0
Bart Simpson,17,4,191.0
Bart Simpson,17,5,410.0
Bart Simpson,17,6,65.0
Bart Simpson,17,7,16.0
Bart Simpson,17,8,142.0
Bart Simpson,17,9,22.0
Bart Simpson,17,10,58.0
Bart Simpson,17,11,363.0
Bart Simpson,17,12,128.0
Bart Simpson,17,13,152.0
Bart Simpson,17,14,112.0
Bart Simpson,17,15,65.0
Bart Simpson,17,16,10.0
Bart Simpson,17,17,83.0
Bart Simpson,17,18,86.0
Bart Simpson,17,19,259.0
Bart Simpson,17,20,127.0
Bart Simpson,17,21,158.0
Bart Simpson,17,22,70.0
Bart Simpson,18,1,117.0
Bart Simpson,18,2,274.0
Bart Simpson,18,3,209.0
Bart Simpson,18,4,129.0
Bart Simpson,18,5,92.0
Bart Simpson,18,6,50.0
Bart Simpson,18,7,34.0
Bart Simpson,18,8,522.0
Bart Simpson,18,9,44.0
Bart Simpson,18,10,69.0
Bart Simpson,18,11,190.0
Bart Simpson,18,12,471.0
Bart Simpson,18,13,38.0
Bart Simpson,18,14,446.0
Bart Simpson,18,15,126.0
Bart Simpson,18,16,98.0
Bart Simpson,18,17,130.0
Bart Simpson,18,18,158.0
Bart Simpson,18,19,90.0
Bart Simpson,18,20,285.0
Bart Simpson,18,21,276.0
Bart Simpson,18,22,150.0
Bart Simpson,19,1,68.0
Bart Simpson,19,2,92.0
Bart Simpson,19,3,67.0
Bart Simpson,19,4,22.0
Bart Simpson,19,5,230.0
Bart Simpson,19,6,399.0
Bart Simpson,19,7,178.0
Bart Simpson,19,8,241.0
Bart Simpson,19,9,34.0
Bart Simpson,19,10,35.0
Bart Simpson,19,11,74.0
Bart Simpson,19,12,101.0
Bart Simpson,19,13,517.0
Bart Simpson,19,14,296.0
Bart Simpson,19,15,196.0
Bart Simpson,19,16,114.0
Bart Simpson,19,17,674.0
Bart Simpson,19,18,121.0
Bart Simpson,19,19,128.0
Bart Simpson,19,20,235.0
Bart Simpson,20,1,47.0
Bart Simpson,20,2,511.0
Bart Simpson,20,3,490.0
Bart Simpson,20,5,129.0
Bart Simpson,20,6,102.0
Bart Simpson,20,7,372.0
Bart Simpson,20,8,37.0
Bart Simpson,20,9,94.0
Bart Simpson,20,10,87.0
Bart Simpson,20,11,140.0
Bart Simpson,20,12,90.0
Bart Simpson,20,13,36.0
Bart Simpson,20,14,132.0
Bart Simpson,20,15,95.0
Bart Simpson,20,16,16.0
Bart Simpson,20,17,660.0
Bart Simpson,20,18,112.0
Bart Simpson,20,19,141.0
Bart Simpson,20,20,0.0
Bart Simpson,21,1,99.0
Bart Simpson,21,2,568.0
Bart Simpson,21,3,194.0
Bart Simpson,21,4,316.0
Bart Simpson,21,5,50.0
Bart Simpson,21,7,144.0
Bart Simpson,21,8,804.0
Bart Simpson,21,9,179.0
Bart Simpson,21,10,199.0
Bart Simpson,21,11,295.0
Bart Simpson,21,12,188.0
Bart Simpson,21,13,66.0
Bart Simpson,21,14,363.0
Bart Simpson,21,15,362.0
Bart Simpson,21,16,143.0
Bart Simpson,21,17,207.0
Bart Simpson,21,18,104.0
Bart Simpson,21,19,88.0
Bart Simpson,21,20,68.0
Bart Simpson,21,21,53.0
Bart Simpson,21,22,348.0
Bart Simpson,21,23,59.0
Bart Simpson,22,1,102.0
Bart Simpson,22,2,48.0
Bart Simpson,22,3,295.0
Bart Simpson,22,4,198.0
Bart Simpson,22,5,230.0
Bart Simpson,22,6,126.0
Bart Simpson,22,7,379.0
Bart Simpson,22,8,300.0
Bart Simpson,22,9,70.0
Bart Simpson,22,10,359.0
Bart Simpson,22,11,111.0
Bart Simpson,22,12,420.0
Bart Simpson,22,13,74.0
Bart Simpson,22,14,365.0
Bart Simpson,22,15,131.0
Bart Simpson,22,16,95.0
Bart Simpson,22,17,252.0
Bart Simpson,22,18,116.0
Bart Simpson,22,19,241.0
Bart Simpson,22,20,125.0
Bart Simpson,22,21,172.0
Bart Simpson,22,22,183.0
Bart Simpson,23,1,58.0
Bart Simpson,23,2,534.0
Bart Simpson,23,3,264.0
Bart Simpson,23,4,199.0
Bart Simpson,23,5,219.0
Bart Simpson,23,6,426.0
Bart Simpson,23,7,188.0
Bart Simpson,23,8,83.0
Bart Simpson,23,9,419.0
Bart Simpson,23,10,105.0
Bart Simpson,23,11,100.0
Bart Simpson,23,12,209.0
Bart Simpson,23,13,215.0
Bart Simpson,23,14,96.0
Bart Simpson,23,15,417.0
Bart Simpson,23,16,118.0
Bart Simpson,23,17,51.0
Bart Simpson,23,18,309.0
Bart Simpson,23,19,632.0
Bart Simpson,23,20,65.0
Bart Simpson,23,21,146.0
Bart Simpson,23,22,132.0
Bart Simpson,24,1,512.0
Bart Simpson,24,2,186.0
Bart Simpson,24,3,216.0
Bart Simpson,24,4,146.0
Bart Simpson,24,5,83.0
Bart Simpson,24,6,53.0
Bart Simpson,24,7,189.0
Bart Simpson,24,8,123.0
Bart Simpson,24,9,147.0
Bart Simpson,24,10,249.0
Bart Simpson,24,11,167.0
Bart Simpson,24,12,592.0
Bart Simpson,24,13,278.0
Bart Simpson,24,14,213.0
Bart Simpson,24,15,7.0
Bart Simpson,24,16,136.0
Bart Simpson,24,17,36.0
Bart Simpson,24,18,221.0
Bart Simpson,24,19,307.0
Bart Simpson,24,20,251.0
Bart Simpson,24,21,34.0
Bart Simpson,24,22,32.0
Bart Simpson,25,1,112.0
Bart Simpson,25,2,262.0
Bart Simpson,25,3,76.0
Bart Simpson,25,4,114.0
Bart Simpson,25,5,41.0
Bart Simpson,25,6,276.0
Bart Simpson,25,7,279.0
Bart Simpson,25,8,185.0
Bart Simpson,25,9,123.0
Bart Simpson,25,10,67.0
Bart Simpson,25,11,216.0
Bart Simpson,25,12,530.0
Bart Simpson,25,13,139.0
Bart Simpson,25,14,113.0
Bart Simpson,25,15,78.0
Bart Simpson,25,16,167.0
Bart Simpson,25,17,288.0
Bart Simpson,25,18,535.0
Bart Simpson,25,19,446.0
Bart Simpson,25,21,158.0
Bart Simpson,25,22,300.0
Bart Simpson,26,1,141.0
Bart Simpson,26,2,282.0
Bart Simpson,26,3,130.0
Bart Simpson,26,4,205.0
Bart Simpson,26,5,25.0
Bart Simpson,26,6,114.0
Bart Simpson,26,7,236.0
Bart Simpson,26,8,23.0
Bart Simpson,26,9,180.0
Bart Simpson,26,10,114.0
Bart Simpson,26,11,307.0
Bart Simpson,26,12,39.0
Bart Simpson,26,13,211.0
Bart Simpson,26,14,0.0
Bart Simpson,26,15,14.0
Bart Simpson,26,16,66.0
C. Montgomery Burns,1,1,45.0
C. Montgomery Burns,1,2,0.0
C. Montgomery Burns,1,3,182.0
C. Montgomery Burns,1,4,203.0
C. Montgomery Burns,1,5,0.0
C. Montgomery Burns,1,6,0.0
C. Montgomery Burns,1,7,0.0
C. Montgomery Burns,1,8,25.0
C. Montgomery Burns,1,9,0.0
C. Montgomery Burns,1,10,191.0
C. Montgomery Burns,1,11,0.0
C. Montgomery Burns,1,12,0.0
C. Montgomery Burns,1,13,0.0
C. Montgomery Burns,2,1,21.0
C. Montgomery Burns,2,2,451.0
C. Montgomery Burns,2,3,0.0
C. Montgomery Burns,2,4,997.0
C. Montgomery Burns,2,5,236.0
C. Montgomery Burns,2,6,0.0
C. Montgomery Burns,2,7,34.0
C. Montgomery Burns,2,8,0.0
C. Montgomery Burns,2,9,0.0
C. Montgomery Burns,2,10,515.0
C. Montgomery Burns,2,11,40.0
C. Montgomery Burns,2,12,0.0
C. Montgomery Burns,2,13,150.0
C. Montgomery Burns,2,14,0.0
C. Montgomery Burns,2,15,0.0
C. Montgomery Burns,2,16,0.0
C. Montgomery Burns,2,17,45.0
C. Montgomery Burns,2,18,391.0
C. Montgomery Burns,2,19,0.0
C. Montgomery Burns,2,20,0.0
C. Montgomery Burns,2,21,0.0
C. Montgomery Burns,2,22,667.0
C. Montgomery Burns,3,1,97.0
C. Montgomery Burns,3,2,17.0
C. Montgomery Burns,3,3,186.0
C. Montgomery Burns,3,4,21.0
C. Montgomery Burns,3,5,462.0
C. Montgomery Burns,3,6,0.0
C. Montgomery Burns,3,7,381.0
C. Montgomery Burns,3,8,112.0
C. Montgomery Burns,3,9,0.0
C. Montgomery Burns,3,10,0.0
C. Montgomery Burns,3,11,573.0
C. Montgomery Burns,3,12,69.0
C. Montgomery Burns,3,13,0.0
C. Montgomery Burns,3,14,0.0
C. Montgomery Burns,3,15,0.0
C. Montgomery Burns,3,16,0.0
C. Montgomery Burns,3,17,913.0
C. Montgomery Burns,3,18,0.0
C. Montgomery Burns,3,19,207.0
C. Montgomery Burns,3,20,0.0
C. Montgomery Burns,3,21,0.0
C. Montgomery Burns,3,22,0.0
C. Montgomery Burns,3,23,0.0
C. Montgomery Burns,3,24,212.0
C. Montgomery Burns,4,1,0.0
C. Montgomery Burns,4,2,0.0
C. Montgomery Burns,4,3,0.0
C. Montgomery Burns,4,4,0.0
C. Montgomery Burns,4,5,261.0
C. Montgomery Burns,4,6,0.0
C. Montgomery Burns,4,7,372.0
C. Montgomery Burns,4,8,0.0
C. Montgomery Burns,4,9,0.0
C. Montgomery Burns,4,10,0.0
C. Montgomery Burns,4,11,111.0
C. Montgomery Burns,4,12,68.0
C. Montgomery Burns,4,13,0.0
C. Montgomery Burns,4,14,0.0
C. Montgomery Burns,4,15,0.0
C. Montgomery Burns,4,16,0.0
C. Montgomery Burns,4,17,541.0
C. Montgomery Burns,4,18,47.0
C. Montgomery Burns,4,19,0.0
C. Montgomery Burns,4,20,0.0
C. Montgomery Burns,4,21,27.0
C. Montgomery Burns,4,22,5.0
C. Montgomery Burns,5,1,0.0
C. Montgomery Burns,5,2,0.0
C. Montgomery Burns,5,3,252.0
C. Montgomery Burns,5,4,542.0
C. Montgomery Burns,5,5,68.0
C. Montgomery Burns,5,6,25.0
C. Montgomery Burns,5,7,18.0
C. Montgomery Burns,5,8,0.0
C. Montgomery Burns,5,9,137.0
C. Montgomery Burns,5,10,256.0
C. Montgomery Burns,5,11,0.0
C. Montgomery Burns,5,12,1.0
C. Montgomery Burns,5,13,0.0
C. Montgomery Burns,5,14,9.0
C. Montgomery Burns,5,15,82.0
C. Montgomery Burns,5,16,27.0
C. Montgomery Burns,5,17,14.0
C. Montgomery Burns,5,18,800.0
C. Montgomery Burns,5,19,0.0
C. Montgomery Burns,5,20,0.0
C. Montgomery Burns,5,21,295.0
C. Montgomery Burns,5,22,2.0
C. Montgomery Burns,6,1,0.0
C. Montgomery Burns,6,2,0.0
C. Montgomery Burns,6,3,43.0
C. Montgomery Burns,6,4,0.0
C. Montgomery Burns,6,5,44.0
C. Montgomery Burns,6,6,105.0
C. Montgomery Burns,6,7,0.0
C. Montgomery Burns,6,8,0.0
C. Montgomery Burns,6,9,0.0
C. Montgomery Burns,6,10,0.0
C. Montgomery Burns,6,11,0.0
C. Montgomery Burns,6,12,26.0
C. Montgomery Burns,6,13,64.0
C. Montgomery Burns,6,14,0.0
C. Montgomery Burns,6,15,0.0
C. Montgomery Burns,6,16,0.0
C. Montgomery Burns,6,17,0.0
C. Montgomery Burns,6,18,215.0
C. Montgomery Burns,6,19,15.0
C. Montgomery Burns,6,20,444.0
C. Montgomery Burns,6,21,0.0
C. Montgomery Burns,6,22,4.0
C. Montgomery Burns,6,23,0.0
C. Montgomery Burns,6,24,0.0
C. Montgomery Burns,6,25,631.0
C. Montgomery Burns,7,1,273.0
C. Montgomery Burns,7,2,0.0
C. Montgomery Burns,7,3,0.0
C. Montgomery Burns,7,4,0.0
C. Montgomery Burns,7,5,22.0
C. Montgomery Burns,7,6,0.0
C. Montgomery Burns,7,7,165.0
C. Montgomery Burns,7,8,191.0
C. Montgomery Burns,7,9,0.0
C. Montgomery Burns,7,10,229.0
C. Montgomery Burns,7,11,0.0
C. Montgomery Burns,7,12,387.0
C. Montgomery Burns,7,13,0.0
C. Montgomery Burns,7,14,193.0
C. Montgomery Burns,7,15,0.0
C. Montgomery Burns,7,16,0.0
C. Montgomery Burns,7,17,888.0
C. Montgomery Burns,7,18,0.0
C. Montgomery Burns,7,19,0.0
C. Montgomery Burns,7,20,0.0
C. Montgomery Burns,7,21,102.0
C. Montgomery Burns,7,22,358.0
C. Montgomery Burns,7,23,0.0
C. Montgomery Burns,7,24,19.0
C. Montgomery Burns,7,25,0.0
C. Montgomery Burns,8,1,0.0
C. Montgomery Burns,8,2,1.0
C. Montgomery Burns,8,3,0.0
C. Montgomery Burns,8,4,641.0
C. Montgomery Burns,8,5,16.0
C. Montgomery Burns,8,6,0.0
C. Montgomery Burns,8,7,14.0
C. Montgomery Burns,8,8,0.0
C. Montgomery Burns,8,9,0.0
C. Montgomery Burns,8,10,101.0
C. Montgomery Burns,8,11,7.0
C. Montgomery Burns,8,12,929.0
C. Montgomery Burns,8,13,41.0
C. Montgomery Burns,8,14,0.0
C. Montgomery Burns,8,15,0.0
C. Montgomery Burns,8,16,0.0
C. Montgomery Burns,8,17,0.0
C. Montgomery Burns,8,18,0.0
C. Montgomery Burns,8,19,0.0
C. Montgomery Burns,8,20,28.0
C. Montgomery Burns,8,21,1139.0
C. Montgomery Burns,8,22,0.0
C. Montgomery Burns,8,23,217.0
C. Montgomery Burns,8,24,0.0
C. Montgomery Burns,8,25,0.0
C. Montgomery Burns,9,1,0.0
C. Montgomery Burns,9,2,0.0
C. Montgomery Burns,9,3,0.0
C. Montgomery Burns,9,4,5.0
C. Montgomery Burns,9,5,0.0
C. Montgomery Burns,9,6,1.0
C. Montgomery Burns,9,7,0.0
C. Montgomery Burns,9,8,35.0
C. Montgomery Burns,9,9,0.0
C. Montgomery Burns,9,10,7.0
C. Montgomery Burns,9,11,0.0
C. Montgomery Burns,9,12,0.0
C. Montgomery Burns,9,13,112.0
C. Montgomery Burns,9,14,0.0
C. Montgomery Burns,9,15,0.0
C. Montgomery Burns,9,16,0.0
C. Montgomery Burns,9,17,0.0
C. Montgomery Burns,9,18,31.0
C. Montgomery Burns,9,19,44.0
C. Montgomery Burns,9,20,622.0
C. Montgomery Burns,9,21,12.0
C. Montgomery Burns,9,22,1.0
C. Montgomery Burns,9,23,20.0
C. Montgomery Burns,9,24,24.0
C. Montgomery Burns,9,25,0.0
C. Montgomery Burns,10,1,0.0
C. Montgomery Burns,10,2,0.0
C. Montgomery Burns,10,3,34.0
C. Montgomery Burns,10,4,0.0
C. Montgomery Burns,10,5,0.0
C. Montgomery Burns,10,6,110.0
C. Montgomery Burns,10,7,0.0
C. Montgomery Burns,10,8,0.0
C. Montgomery Burns,10,9,0.0
C. Montgomery Burns,10,10,20.0
C. Montgomery Burns,10,11,0.0
C. Montgomery Burns,10,12,0.0
C. Montgomery Burns,10,13,30.0
C. Montgomery Burns,10,14,0.0
C. Montgomery Burns,10,15,0.0
C. Montgomery Burns,10,16,0.0
C. Montgomery Burns,10,17,52.0
C. Montgomery Burns,10,18,0.0
C. Montgomery Burns,10,19,48.0
C. Montgomery Burns,10,20,17.0
C. Montgomery Burns,10,21,793.0
C. Montgomery Burns,10,22,0.0
C. Montgomery Burns,10,23,8.0
C. Montgomery Burns,11,1,0.0
C. Montgomery Burns,11,2,19.0
C. Montgomery Burns,11,3,37.0
C. Montgomery Burns,11,4,0.0
C. Montgomery Burns,11,5,0.0
C. Montgomery Burns,11,6,14.0
C. Montgomery Burns,11,7,0.0
C. Montgomery Burns,11,8,0.0
C. Montgomery Burns,11,9,39.0
C. Montgomery Burns,11,10,0.0
C. Montgomery Burns,11,11,0.0
C. Montgomery Burns,11,12,335.0
C. Montgomery Burns,11,13,0.0
C. Montgomery Burns,11,14,0.0
C. Montgomery Burns,11,15,77.0
C. Montgomery Burns,11,16,0.0
C. Montgomery Burns,11,17,0.0
C. Montgomery Burns,11,18,0.0
C. Montgomery Burns,11,19,36.0
C. Montgomery Burns,11,20,0.0
C. Montgomery Burns,11,21,0.0
C. Montgomery Burns,11,22,0.0
C. Montgomery Burns,12,1,0.0
C. Montgomery Burns,12,2,26.0
C. Montgomery Burns,12,3,0.0
C. Montgomery Burns,12,4,0.0
C. Montgomery Burns,12,5,465.0
C. Montgomery Burns,12,6,61.0
C. Montgomery Burns,12,7,0.0
C. Montgomery Burns,12,8,4.0
C. Montgomery Burns,12,9,34.0
C. Montgomery Burns,12,10,0.0
C. Montgomery Burns,12,11,0.0
C. Montgomery Burns,12,12,14.0
C. Montgomery Burns,12,13,0.0
C. Montgomery Burns,12,14,10.0
C. Montgomery Burns,12,15,0.0
C. Montgomery Burns,12,16,0.0
C. Montgomery Burns,12,17,0.0
C. Montgomery Burns,12,18,0.0
C. Montgomery Burns,12,19,0.0
C. Montgomery Burns,12,20,23.0
C. Montgomery Burns,12,21,0.0
C. Montgomery Burns,13,1,25.0
C. Montgomery Burns,13,2,0.0
C. Montgomery Burns,13,3,0.0
C. Montgomery Burns,13,4,735.0
C. Montgomery Burns,13,5,247.0
C. Montgomery Burns,13,6,129.0
C. Montgomery Burns,13,7,45.0
C. Montgomery Burns,13,8,28.0
C. Montgomery Burns,13,9,22.0
C. Montgomery Burns,13,10,0.0
C. Montgomery Burns,13,11,0.0
C. Montgomery Burns,13,12,0.0
C. Montgomery Burns,13,13,0.0
C. Montgomery Burns,13,14,0.0
C. Montgomery Burns,13,15,0.0
C. Montgomery Burns,13,16,304.0
C. Montgomery Burns,13,17,50.0
C. Montgomery Burns,13,18,0.0
C. Montgomery Burns,13,19,0.0
C. Montgomery Burns,13,20,0.0
C. Montgomery Burns,13,21,0.0
C. Montgomery Burns,13,22,20.0
C. Montgomery Burns,14,1,2.0
C. Montgomery Burns,14,2,0.0
C. Montgomery Burns,14,3,0.0
C. Montgomery Burns,14,4,13.0
C. Montgomery Burns,14,5,9.0
C. Montgomery Burns,14,6,0.0
C. Montgomery Burns,14,7,0.0
C. Montgomery Burns,14,8,18.0
C. Montgomery Burns,14,9,0.0
C. Montgomery Burns,14,10,0.0
C. Montgomery Burns,14,11,0.0
C. Montgomery Burns,14,12,0.0
C. Montgomery Burns,14,13,0.0
C. Montgomery Burns,14,14,59.0
C. Montgomery Burns,14,15,506.0
C. Montgomery Burns,14,16,0.0
C. Montgomery Burns,14,17,0.0
C. Montgomery Burns,14,18,17.0
C. Montgomery Burns,14,19,0.0
C. Montgomery Burns,14,20,38.0
C. Montgomery Burns,14,21,12.0
C. Montgomery Burns,14,22,9.0
C. Montgomery Burns,15,1,0.0
C. Montgomery Burns,15,2,136.0
C. Montgomery Burns,15,3,0.0
C. Montgomery Burns,15,4,91.0
C. Montgomery Burns,15,5,5.0
C. Montgomery Burns,15,6,0.0
C. Montgomery Burns,15,7,73.0
C. Montgomery Burns,15,8,21.0
C. Montgomery Burns,15,9,0.0
C. Montgomery Burns,15,10,15.0
C. Montgomery Burns,15,11,0.0
C. Montgomery Burns,15,12,53.0
C. Montgomery Burns,15,13,0.0
C. Montgomery Burns,15,14,0.0
C. Montgomery Burns,15,15,0.0
C. Montgomery Burns,15,16,25.0
C. Montgomery Burns,15,17,0.0
C. Montgomery Burns,15,18,0.0
C. Montgomery Burns,15,19,230.0
C. Montgomery Burns,15,20,0.0
C. Montgomery Burns,15,21,0.0
C. Montgomery Burns,15,22,584.0
C. Montgomery Burns,16,1,115.0
C. Montgomery Burns,16,2,0.0
C. Montgomery Burns,16,3,0.0
C. Montgomery Burns,16,4,0.0
C. Montgomery Burns,16,5,72.0
C. Montgomery Burns,16,6,326.0
C. Montgomery Burns,16,7,0.0
C. Montgomery Burns,16,8,95.0
C. Montgomery Burns,16,9,0.0
C. Montgomery Burns,16,10,0.0
C. Montgomery Burns,16,11,0.0
C. Montgomery Burns,16,12,62.0
C. Montgomery Burns,16,13,0.0
C. Montgomery Burns,16,14,187.0
C. Montgomery Burns,16,15,62.0
C. Montgomery Burns,16,16,0.0
C. Montgomery Burns,16,17,0.0
C. Montgomery Burns,16,18,0.0
C. Montgomery Burns,16,19,0.0
C. Montgomery Burns,16,20,0.0
C. Montgomery Burns,16,21,0.0
C. Montgomery Burns,17,1,25.0
C. Montgomery Burns,17,2,0.0
C. Montgomery Burns,17,3,0.0
C. Montgomery Burns,17,4,104.0
C. Montgomery Burns,17,5,0.0
C. Montgomery Burns,17,6,0.0
C. Montgomery Burns,17,7,134.0
C. Montgomery Burns,17,8,108.0
C. Montgomery Burns,17,9,172.0
C. Montgomery Burns,17,10,0.0
C. Montgomery Burns,17,11,0.0
C. Montgomery Burns,17,12,0.0
C. Montgomery Burns,17,13,372.0
C. Montgomery Burns,17,14,3.0
C. Montgomery Burns,17,15,0.0
C. Montgomery Burns,17,16,0.0
C. Montgomery Burns,17,17,355.0
C. Montgomery Burns,17,18,54.0
C. Montgomery Burns,17,19,0.0
C. Montgomery Burns,17,20,0.0
C. Montgomery Burns,17,21,0.0
C. Montgomery Burns,17,22,0.0
C. Montgomery Burns,18,1,0.0
C. Montgomery Burns,18,2,0.0
C. Montgomery Burns,18,3,0.0
C. Montgomery Burns,18,4,0.0
C. Montgomery Burns,18,5,11.0
C. Montgomery Burns,18,6,0.0
C. Montgomery Burns,18,7,89.0
C. Montgomery Burns,18,8,0.0
C. Montgomery Burns,18,9,63.0
C. Montgomery Burns,18,10,0.0
C. Montgomery Burns,18,11,93.0
C. Montgomery Burns,18,12,5.0
C. Montgomery Burns,18,13,69.0
C. Montgomery Burns,18,14,0.0
C. Montgomery Burns,18,15,0.0
C. Montgomery Burns,18,16,1.0
C. Montgomery Burns,18,17,6.0
C. Montgomery Burns,18,18,9.0
C. Montgomery Burns,18,19,104.0
C. Montgomery Burns,18,20,0.0
C. Montgomery Burns,18,21,17.0
C. Montgomery Burns,18,22,9.0
C. Montgomery Burns,19,1,197.0
C. Montgomery Burns,19,2,86.0
C. Montgomery Burns,19,3,0.0
C. Montgomery Burns,19,4,0.0
C. Montgomery Burns,19,5,29.0
C. Montgomery Burns,19,6,0.0
C. Montgomery Burns,19,7,0.0
C. Montgomery Burns,19,8,0.0
C. Montgomery Burns,19,9,0.0
C. Montgomery Burns,19,10,36.0
C. Montgomery Burns,19,11,0.0
C. Montgomery Burns,19,12,0.0
C. Montgomery Burns,19,13,0.0
C. Montgomery Burns,19,14,0.0
C. Montgomery Burns,19,15,0.0
C. Montgomery Burns,19,16,0.0
C. Montgomery Burns,19,17,0.0
C. Montgomery Burns,19,18,0.0
C. Montgomery Burns,19,19,77.0
C. Montgomery Burns,19,20,71.0
C. Montgomery Burns,20,1,16.0
C. Montgomery Burns,20,2,0.0
C. Montgomery Burns,20,3,198.0
C. Montgomery Burns,20,5,0.0
C. Montgomery Burns,20,6,0.0
C. Montgomery Burns,20,7,0.0
C. Montgomery Burns,20,8,554.0
C. Montgomery Burns,20,9,0.0
C. Montgomery Burns,20,10,64.0
C. Montgomery Burns,20,11,1.0
C. Montgomery Burns,20,12,23.0
C. Montgomery Burns,20,13,147.0
C. Montgomery Burns,20,14,0.0
C. Montgomery Burns,20,15,0.0
C. Montgomery Burns,20,16,0.0
C. Montgomery Burns,20,17,0.0
C. Montgomery Burns,20,18,0.0
C. Montgomery Burns,20,19,0.0
C. Montgomery Burns,20,20,0.0
C. Montgomery Burns,21,1,0.0
C. Montgomery Burns,21,2,0.0
C. Montgomery Burns,21,3,46.0
C. Montgomery Burns,21,4,0.0
C. Montgomery Burns,21,5,82.0
C. Montgomery Burns,21,7,0.0
C. Montgomery Burns,21,8,0.0
C. Montgomery Burns,21,9,39.0
C. Montgomery Burns,21,10,170.0
C. Montgomery Burns,21,11,34.0
C. Montgomery Burns,21,12,56.0
C. Montgomery Burns,21,13,189.0
C. Montgomery Burns,21,14,0.0
C. Montgomery Burns,21,15,0.0
C. Montgomery Burns,21,16,0.0
C. Montgomery Burns,21,17,807.0
C. Montgomery Burns,21,18,0.0
C. Montgomery Burns,21,19,0.0
C. Montgomery Burns,21,20,29.0
C. Montgomery Burns,21,21,0.0
C. Montgomery Burns,21,22,0.0
C. Montgomery Burns,21,23,6.0
C. Montgomery Burns,22,1,0.0
C. Montgomery Burns,22,2,0.0
C. Montgomery Burns,22,3,19.0
C. Montgomery Burns,22,4,0.0
C. Montgomery Burns,22,5,0.0
C. Montgomery Burns,22,6,471.0
C. Montgomery Burns,22,7,25.0
C. Montgomery Burns,22,8,120.0
C. Montgomery Burns,22,9,9.0
C. Montgomery Burns,22,10,0.0
C. Montgomery Burns,22,11,182.0
C. Montgomery Burns,22,12,0.0
C. Montgomery Burns,22,13,32.0
C. Montgomery Burns,22,14,0.0
C. Montgomery Burns,22,15,10.0
C. Montgomery Burns,22,16,8.0
C. Montgomery Burns,22,17,68.0
C. Montgomery Burns,22,18,0.0
C. Montgomery Burns,22,19,0.0
C. Montgomery Burns,22,20,0.0
C. Montgomery Burns,22,21,0.0
C. Montgomery Burns,22,22,0.0
C. Montgomery Burns,23,1,35.0
C. Montgomery Burns,23,2,0.0
C. Montgomery Burns,23,3,0.0
C. Montgomery Burns,23,4,59.0
C. Montgomery Burns,23,5,0.0
C. Montgomery Burns,23,6,0.0
C. Montgomery Burns,23,7,291.0
C. Montgomery Burns,23,8,0.0
C. Montgomery Burns,23,9,3.0
C. Montgomery Burns,23,10,22.0
C. Montgomery Burns,23,11,0.0
C. Montgomery Burns,23,12,0.0
C. Montgomery Burns,23,13,0.0
C. Montgomery Burns,23,14,16.0
C. Montgomery Burns,23,15,14.0
C. Montgomery Burns,23,16,119.0
C. Montgomery Burns,23,17,317.0
C. Montgomery Burns,23,18,0.0
C. Montgomery Burns,23,19,0.0
C. Montgomery Burns,23,20,69.0
C. Montgomery Burns,23,21,0.0
C. Montgomery Burns,23,22,0.0
C. Montgomery Burns,24,1,0.0
C. Montgomery Burns,24,2,0.0
C. Montgomery Burns,24,3,0.0
C. Montgomery Burns,24,4,0.0
C. Montgomery Burns,24,5,0.0
C. Montgomery Burns,24,6,13.0
C. Montgomery Burns,24,7,74.0
C. Montgomery Burns,24,8,302.0
C. Montgomery Burns,24,9,0.0
C. Montgomery Burns,24,10,82.0
C. Montgomery Burns,24,11,0.0
C. Montgomery Burns,24,12,0.0
C. Montgomery Burns,24,13,0.0
C. Montgomery Burns,24,14,459.0
C. Montgomery Burns,24,15,20.0
C. Montgomery Burns,24,16,388.0
C. Montgomery Burns,24,17,0.0
C. Montgomery Burns,24,18,0.0
C. Montgomery Burns,24,19,0.0
C. Montgomery Burns,24,20,0.0
C. Montgomery Burns,24,21,0.0
C. Montgomery Burns,24,22,0.0
C. Montgomery Burns,25,1,50.0
C. Montgomery Burns,25,2,174.0
C. Montgomery Burns,25,3,360.0
C. Montgomery Burns,25,4,0.0
C. Montgomery Burns,25,5,0.0
C. Montgomery Burns,25,6,115.0
C. Montgomery Burns,25,7,0.0
C. Montgomery Burns,25,8,0.0
C. Montgomery Burns,25,9,0.0
C. Montgomery Burns,25,10,0.0
C. Montgomery Burns,25,11,120.0
C. Montgomery Burns,25,12,5.0
C. Montgomery Burns,25,13,0.0
C. Montgomery Burns,25,14,0.0
C. Montgomery Burns,25,15,0.0
C. Montgomery Burns,25,16,0.0
C. Montgomery Burns,25,17,0.0
C. Montgomery Burns,25,18,2.0
C. Montgomery Burns,25,19,0.0
C. Montgomery Burns,25,21,0.0
C. Montgomery Burns,25,22,0.0
C. Montgomery Burns,26,1,0.0
C. Montgomery Burns,26,2,0.0
C. Montgomery Burns,26,3,54.0
C. Montgomery Burns,26,4,62.0
C. Montgomery Burns,26,5,622.0
C. Montgomery Burns,26,6,5.0
C. Montgomery Burns,26,7,0.0
C. Montgomery Burns,26,8,0.0
C. Montgomery Burns,26,9,40.0
C. Montgomery Burns,26,10,0.0
C. Montgomery Burns,26,11,7.0
C. Montgomery Burns,26,12,424.0
C. Montgomery Burns,26,13,4.0
C. Montgomery Burns,26,14,106.0
C. Montgomery Burns,26,15,345.0
C. Montgomery Burns,26,16,0.0
Chief Wiggum,1,1,0.0
Chief Wiggum,1,2,0.0
Chief Wiggum,1,3,34.0
Chief Wiggum,1,4,0.0
Chief Wiggum,1,5,0.0
Chief Wiggum,1,6,0.0
Chief Wiggum,1,7,0.0
Chief Wiggum,1,8,27.0
Chief Wiggum,1,9,0.0
Chief Wiggum,1,10,0.0
Chief Wiggum,1,11,0.0
Chief Wiggum,1,12,71.0
Chief Wiggum,1,13,0.0
Chief Wiggum,2,1,0.0
Chief Wiggum,2,2,0.0
Chief Wiggum,2,3,0.0
Chief Wiggum,2,4,0.0
Chief Wiggum,2,5,0.0
Chief Wiggum,2,6,0.0
Chief Wiggum,2,7,0.0
Chief Wiggum,2,8,0.0
Chief Wiggum,2,9,0.0
Chief Wiggum,2,10,0.0
Chief Wiggum,2,11,14.0
Chief Wiggum,2,12,0.0
Chief Wiggum,2,13,0.0
Chief Wiggum,2,14,0.0
Chief Wiggum,2,15,0.0
Chief Wiggum,2,16,0.0
Chief Wiggum,2,17,0.0
Chief Wiggum,2,18,0.0
Chief Wiggum,2,19,0.0
Chief Wiggum,2,20,0.0
Chief Wiggum,2,21,0.0
Chief Wiggum,2,22,0.0
Chief Wiggum,3,1,10.0
Chief Wiggum,3,2,0.0
Chief Wiggum,3,3,0.0
Chief Wiggum,3,4,177.0
Chief Wiggum,3,5,7.0
Chief Wiggum,3,6,11.0
Chief Wiggum,3,7,0.0
Chief Wiggum,3,8,0.0
Chief Wiggum,3,9,0.0
Chief Wiggum,3,10,0.0
Chief Wiggum,3,11,0.0
Chief Wiggum,3,12,0.0
Chief Wiggum,3,13,89.0
Chief Wiggum,3,14,12.0
Chief Wiggum,3,15,147.0
Chief Wiggum,3,16,0.0
Chief Wiggum,3,17,46.0
Chief Wiggum,3,18,52.0
Chief Wiggum,3,19,11.0
Chief Wiggum,3,20,0.0
Chief Wiggum,3,21,96.0
Chief Wiggum,3,22,8.0
Chief Wiggum,3,23,0.0
Chief Wiggum,3,24,0.0
Chief Wiggum,4,1,0.0
Chief Wiggum,4,2,35.0
Chief Wiggum,4,3,8.0
Chief Wiggum,4,4,20.0
Chief Wiggum,4,5,4.0
Chief Wiggum,4,6,17.0
Chief Wiggum,4,7,2.0
Chief Wiggum,4,8,0.0
Chief Wiggum,4,9,0.0
Chief Wiggum,4,10,6.0
Chief Wiggum,4,11,51.0
Chief Wiggum,4,12,105.0
Chief Wiggum,4,13,0.0
Chief Wiggum,4,14,8.0
Chief Wiggum,4,15,187.0
Chief Wiggum,4,16,108.0
Chief Wiggum,4,17,5.0
Chief Wiggum,4,18,15.0
Chief Wiggum,4,19,0.0
Chief Wiggum,4,20,5.0
Chief Wiggum,4,21,59.0
Chief Wiggum,4,22,13.0
Chief Wiggum,5,1,70.0
Chief Wiggum,5,2,130.0
Chief Wiggum,5,3,0.0
Chief Wiggum,5,4,0.0
Chief Wiggum,5,5,39.0
Chief Wiggum,5,6,196.0
Chief Wiggum,5,7,28.0
Chief Wiggum,5,8,54.0
Chief Wiggum,5,9,0.0
Chief Wiggum,5,10,0.0
Chief Wiggum,5,11,207.0
Chief Wiggum,5,12,0.0
Chief Wiggum,5,13,0.0
Chief Wiggum,5,14,0.0
Chief Wiggum,5,15,0.0
Chief Wiggum,5,16,13.0
Chief Wiggum,5,17,63.0
Chief Wiggum,5,18,29.0
Chief Wiggum,5,19,4.0
Chief Wiggum,5,20,42.0
Chief Wiggum,5,21,0.0
Chief Wiggum,5,22,10.0
Chief Wiggum,6,1,19.0
Chief Wiggum,6,2,0.0
Chief Wiggum,6,3,11.0
Chief Wiggum,6,4,0.0
Chief Wiggum,6,5,0.0
Chief Wiggum,6,6,13.0
Chief Wiggum,6,7,0.0
Chief Wiggum,6,8,111.0
Chief Wiggum,6,9,0.0
Chief Wiggum,6,10,0.0
Chief Wiggum,6,11,0.0
Chief Wiggum,6,12,0.0
Chief Wiggum,6,13,13.0
Chief Wiggum,6,14,3.0
Chief Wiggum,6,15,57.0
Chief Wiggum,6,16,0.0
Chief Wiggum,6,17,87.0
Chief Wiggum,6,18,37.0
Chief Wiggum,6,19,59.0
Chief Wiggum,6,20,48.0
Chief Wiggum,6,21,0.0
Chief Wiggum,6,22,20.0
Chief Wiggum,6,23,230.0
Chief Wiggum,6,24,0.0
Chief Wiggum,6,25,39.0
Chief Wiggum,7,1,404.0
Chief Wiggum,7,2,37.0
Chief Wiggum,7,3,0.0
Chief Wiggum,7,4,31.0
Chief Wiggum,7,5,27.0
Chief Wiggum,7,6,56.0
Chief Wiggum,7,7,0.0
Chief Wiggum,7,8,76.0
Chief Wiggum,7,9,92.0
Chief Wiggum,7,10,0.0
Chief Wiggum,7,11,0.0
Chief Wiggum,7,12,9.0
Chief Wiggum,7,13,4.0
Chief Wiggum,7,14,0.0
Chief Wiggum,7,15,44.0
Chief Wiggum,7,16,90.0
Chief Wiggum,7,17,8.0
Chief Wiggum,7,18,0.0
Chief Wiggum,7,19,74.0
Chief Wiggum,7,20,0.0
Chief Wiggum,7,21,65.0
Chief Wiggum,7,22,0.0
Chief Wiggum,7,23,48.0
Chief Wiggum,7,24,0.0
Chief Wiggum,7,25,0.0
Chief Wiggum,8,1,0.0
Chief Wiggum,8,2,2.0
Chief Wiggum,8,3,0.0
Chief Wiggum,8,4,66.0
Chief Wiggum,8,5,19.0
Chief Wiggum,8,6,0.0
Chief Wiggum,8,7,149.0
Chief Wiggum,8,8,13.0
Chief Wiggum,8,9,93.0
Chief Wiggum,8,10,34.0
Chief Wiggum,8,11,42.0
Chief Wiggum,8,12,0.0
Chief Wiggum,8,13,8.0
Chief Wiggum,8,14,0.0
Chief Wiggum,8,15,0.0
Chief Wiggum,8,16,110.0
Chief Wiggum,8,17,136.0
Chief Wiggum,8,18,194.0
Chief Wiggum,8,19,72.0
Chief Wiggum,8,20,109.0
Chief Wiggum,8,21,23.0
Chief Wiggum,8,22,0.0
Chief Wiggum,8,23,7.0
Chief Wiggum,8,24,332.0
Chief Wiggum,8,25,238.0
Chief Wiggum,9,1,0.0
Chief Wiggum,9,2,0.0
Chief Wiggum,9,3,0.0
Chief Wiggum,9,4,101.0
Chief Wiggum,9,5,0.0
Chief Wiggum,9,6,37.0
Chief Wiggum,9,7,0.0
Chief Wiggum,9,8,130.0
Chief Wiggum,9,9,51.0
Chief Wiggum,9,10,25.0
Chief Wiggum,9,11,0.0
Chief Wiggum,9,12,106.0
Chief Wiggum,9,13,0.0
Chief Wiggum,9,14,18.0
Chief Wiggum,9,15,4.0
Chief Wiggum,9,16,112.0
Chief Wiggum,9,17,26.0
Chief Wiggum,9,18,194.0
Chief Wiggum,9,19,0.0
Chief Wiggum,9,20,42.0
Chief Wiggum,9,21,0.0
Chief Wiggum,9,22,20.0
Chief Wiggum,9,23,19.0
Chief Wiggum,9,24,24.0
Chief Wiggum,9,25,48.0
Chief Wiggum,10,1,0.0
Chief Wiggum,10,2,0.0
Chief Wiggum,10,3,0.0
Chief Wiggum,10,4,175.0
Chief Wiggum,10,5,10.0
Chief Wiggum,10,6,66.0
Chief Wiggum,10,7,0.0
Chief Wiggum,10,8,0.0
Chief Wiggum,10,9,20.0
Chief Wiggum,10,10,0.0
Chief Wiggum,10,11,201.0
Chief Wiggum,10,12,65.0
Chief Wiggum,10,13,122.0
Chief Wiggum,10,14,151.0
Chief Wiggum,10,15,245.0
Chief Wiggum,10,16,39.0
Chief Wiggum,10,17,15.0
Chief Wiggum,10,18,112.0
Chief Wiggum,10,19,31.0
Chief Wiggum,10,20,44.0
Chief Wiggum,10,21,0.0
Chief Wiggum,10,22,93.0
Chief Wiggum,10,23,0.0
Chief Wiggum,11,1,11.0
Chief Wiggum,11,2,65.0
Chief Wiggum,11,3,37.0
Chief Wiggum,11,4,56.0
Chief Wiggum,11,5,60.0
Chief Wiggum,11,6,42.0
Chief Wiggum,11,7,44.0
Chief Wiggum,11,8,76.0
Chief Wiggum,11,9,36.0
Chief Wiggum,11,10,0.0
Chief Wiggum,11,11,0.0
Chief Wiggum,11,12,0.0
Chief Wiggum,11,13,68.0
Chief Wiggum,11,14,39.0
Chief Wiggum,11,15,0.0
Chief Wiggum,11,16,0.0
Chief Wiggum,11,17,0.0
Chief Wiggum,11,18,0.0
Chief Wiggum,11,19,0.0
Chief Wiggum,11,20,89.0
Chief Wiggum,11,21,128.0
Chief Wiggum,11,22,31.0
Chief Wiggum,12,1,19.0
Chief Wiggum,12,2,5.0
Chief Wiggum,12,3,0.0
Chief Wiggum,12,4,67.0
Chief Wiggum,12,5,35.0
Chief Wiggum,12,6,153.0
Chief Wiggum,12,7,32.0
Chief Wiggum,12,8,18.0
Chief Wiggum,12,9,0.0
Chief Wiggum,12,10,111.0
Chief Wiggum,12,11,91.0
Chief Wiggum,12,12,92.0
Chief Wiggum,12,13,122.0
Chief Wiggum,12,14,16.0
Chief Wiggum,12,15,6.0
Chief Wiggum,12,16,0.0
Chief Wiggum,12,17,0.0
Chief Wiggum,12,18,213.0
Chief Wiggum,12,19,69.0
Chief Wiggum,12,20,17.0
Chief Wiggum,12,21,21.0
Chief Wiggum,13,1,0.0
Chief Wiggum,13,2,118.0
Chief Wiggum,13,3,0.0
Chief Wiggum,13,4,116.0
Chief Wiggum,13,5,151.0
Chief Wiggum,13,6,0.0
Chief Wiggum,13,7,79.0
Chief Wiggum,13,8,58.0
Chief Wiggum,13,9,0.0
Chief Wiggum,13,10,19.0
Chief Wiggum,13,11,18.0
Chief Wiggum,13,12,22.0
Chief Wiggum,13,13,51.0
Chief Wiggum,13,14,66.0
Chief Wiggum,13,15,0.0
Chief Wiggum,13,16,38.0
Chief Wiggum,13,17,83.0
Chief Wiggum,13,18,0.0
Chief Wiggum,13,19,0.0
Chief Wiggum,13,20,0.0
Chief Wiggum,13,21,198.0
Chief Wiggum,13,22,101.0
Chief Wiggum,14,1,49.0
Chief Wiggum,14,2,50.0
Chief Wiggum,14,3,0.0
Chief Wiggum,14,4,29.0
Chief Wiggum,14,5,0.0
Chief Wiggum,14,6,255.0
Chief Wiggum,14,7,0.0
Chief Wiggum,14,8,128.0
Chief Wiggum,14,9,51.0
Chief Wiggum,14,10,0.0
Chief Wiggum,14,11,0.0
Chief Wiggum,14,12,0.0
Chief Wiggum,14,13,68.0
Chief Wiggum,14,14,0.0
Chief Wiggum,14,15,0.0
Chief Wiggum,14,16,21.0
Chief Wiggum,14,17,4.0
Chief Wiggum,14,18,55.0
Chief Wiggum,14,19,0.0
Chief Wiggum,14,20,13.0
Chief Wiggum,14,21,139.0
Chief Wiggum,14,22,121.0
Chief Wiggum,15,1,0.0
Chief Wiggum,15,2,124.0
Chief Wiggum,15,3,58.0
Chief Wiggum,15,4,0.0
Chief Wiggum,15,5,5.0
Chief Wiggum,15,6,22.0
Chief Wiggum,15,7,11.0
Chief Wiggum,15,8,49.0
Chief Wiggum,15,9,19.0
Chief Wiggum,15,10,0.0
Chief Wiggum,15,11,0.0
Chief Wiggum,15,12,0.0
Chief Wiggum,15,13,208.0
Chief Wiggum,15,14,8.0
Chief Wiggum,15,15,39.0
Chief Wiggum,15,16,184.0
Chief Wiggum,15,17,64.0
Chief Wiggum,15,18,0.0
Chief Wiggum,15,19,148.0
Chief Wiggum,15,20,12.0
Chief Wiggum,15,21,0.0
Chief Wiggum,15,22,0.0
Chief Wiggum,16,1,231.0
Chief Wiggum,16,2,54.0
Chief Wiggum,16,3,0.0
Chief Wiggum,16,4,50.0
Chief Wiggum,16,5,52.0
Chief Wiggum,16,6,77.0
Chief Wiggum,16,7,78.0
Chief Wiggum,16,8,0.0
Chief Wiggum,16,9,554.0
Chief Wiggum,16,10,0.0
Chief Wiggum,16,11,110.0
Chief Wiggum,16,12,0.0
Chief Wiggum,16,13,52.0
Chief Wiggum,16,14,137.0
Chief Wiggum,16,15,31.0
Chief Wiggum,16,16,0.0
Chief Wiggum,16,17,0.0
Chief Wiggum,16,18,0.0
Chief Wiggum,16,19,7.0
Chief Wiggum,16,20,0.0
Chief Wiggum,16,21,0.0
Chief Wiggum,17,1,0.0
Chief Wiggum,17,2,69.0
Chief Wiggum,17,3,46.0
Chief Wiggum,17,4,15.0
Chief Wiggum,17,5,19.0
Chief Wiggum,17,6,71.0
Chief Wiggum,17,7,87.0
Chief Wiggum,17,8,34.0
Chief Wiggum,17,9,28.0
Chief Wiggum,17,10,8.0
Chief Wiggum,17,11,17.0
Chief Wiggum,17,12,0.0
Chief Wiggum,17,13,0.0
Chief Wiggum,17,14,0.0
Chief Wiggum,17,15,0.0
Chief Wiggum,17,16,63.0
Chief Wiggum,17,17,0.0
Chief Wiggum,17,18,39.0
Chief Wiggum,17,19,0.0
Chief Wiggum,17,20,20.0
Chief Wiggum,17,21,51.0
Chief Wiggum,17,22,0.0
Chief Wiggum,18,1,0.0
Chief Wiggum,18,2,34.0
Chief Wiggum,18,3,0.0
Chief Wiggum,18,4,104.0
Chief Wiggum,18,5,0.0
Chief Wiggum,18,6,0.0
Chief Wiggum,18,7,17.0
Chief Wiggum,18,8,0.0
Chief Wiggum,18,9,0.0
Chief Wiggum,18,10,0.0
Chief Wiggum,18,11,36.0
Chief Wiggum,18,12,0.0
Chief Wiggum,18,13,134.0
Chief Wiggum,18,14,0.0
Chief Wiggum,18,15,0.0
Chief Wiggum,18,16,0.0
Chief Wiggum,18,17,0.0
Chief Wiggum,18,18,39.0
Chief Wiggum,18,19,0.0
Chief Wiggum,18,20,295.0
Chief Wiggum,18,21,28.0
Chief Wiggum,18,22,0.0
Chief Wiggum,19,1,0.0
Chief Wiggum,19,2,88.0
Chief Wiggum,19,3,7.0
Chief Wiggum,19,4,113.0
Chief Wiggum,19,5,19.0
Chief Wiggum,19,6,0.0
Chief Wiggum,19,7,0.0
Chief Wiggum,19,8,31.0
Chief Wiggum,19,9,104.0
Chief Wiggum,19,10,49.0
Chief Wiggum,19,11,0.0
Chief Wiggum,19,12,63.0
Chief Wiggum,19,13,0.0
Chief Wiggum,19,14,92.0
Chief Wiggum,19,15,0.0
Chief Wiggum,19,16,11.0
Chief Wiggum,19,17,0.0
Chief Wiggum,19,18,21.0
Chief Wiggum,19,19,0.0
Chief Wiggum,19,20,0.0
Chief Wiggum,20,1,11.0
Chief Wiggum,20,2,0.0
Chief Wiggum,20,3,48.0
Chief Wiggum,20,5,0.0
Chief Wiggum,20,6,0.0
Chief Wiggum,20,7,0.0
Chief Wiggum,20,8,9.0
Chief Wiggum,20,9,0.0
Chief Wiggum,20,10,4.0
Chief Wiggum,20,11,0.0
Chief Wiggum,20,12,0.0
Chief Wiggum,20,13,0.0
Chief Wiggum,20,14,44.0
Chief Wiggum,20,15,0.0
Chief Wiggum,20,16,0.0
Chief Wiggum,20,17,2.0
Chief Wiggum,20,18,0.0
Chief Wiggum,20,19,152.0
Chief Wiggum,20,20,7.0
Chief Wiggum,21,1,0.0
Chief Wiggum,21,2,0.0
Chief Wiggum,21,3,0.0
Chief Wiggum,21,4,0.0
Chief Wiggum,21,5,0.0
Chief Wiggum,21,7,77.0
Chief Wiggum,21,8,41.0
Chief Wiggum,21,9,53.0
Chief Wiggum,21,10,0.0
Chief Wiggum,21,11,14.0
Chief Wiggum,21,12,13.0
Chief Wiggum,21,13,0.0
Chief Wiggum,21,14,11.0
Chief Wiggum,21,15,0.0
Chief Wiggum,21,16,0.0
Chief Wiggum,21,17,36.0
Chief Wiggum,21,18,815.0
Chief Wiggum,21,19,34.0
Chief Wiggum,21,20,206.0
Chief Wiggum,21,21,0.0
Chief Wiggum,21,22,88.0
Chief Wiggum,21,23,0.0
Chief Wiggum,22,1,0.0
Chief Wiggum,22,2,62.0
Chief Wiggum,22,3,0.0
Chief Wiggum,22,4,34.0
Chief Wiggum,22,5,0.0
Chief Wiggum,22,6,26.0
Chief Wiggum,22,7,0.0
Chief Wiggum,22,8,2.0
Chief Wiggum,22,9,163.0
Chief Wiggum,22,10,0.0
Chief Wiggum,22,11,0.0
Chief Wiggum,22,12,0.0
Chief Wiggum,22,13,0.0
Chief Wiggum,22,14,0.0
Chief Wiggum,22,15,0.0
Chief Wiggum,22,16,23.0
Chief Wiggum,22,17,0.0
Chief Wiggum,22,18,38.0
Chief Wiggum,22,19,12.0
Chief Wiggum,22,20,41.0
Chief Wiggum,22,21,62.0
Chief Wiggum,22,22,0.0
Chief Wiggum,23,1,0.0
Chief Wiggum,23,2,50.0
Chief Wiggum,23,3,12.0
Chief Wiggum,23,4,39.0
Chief Wiggum,23,5,26.0
Chief Wiggum,23,6,0.0
Chief Wiggum,23,7,0.0
Chief Wiggum,23,8,0.0
Chief Wiggum,23,9,0.0
Chief Wiggum,23,10,0.0
Chief Wiggum,23,11,0.0
Chief Wiggum,23,12,79.0
Chief Wiggum,23,13,27.0
Chief Wiggum,23,14,114.0
Chief Wiggum,23,15,184.0
Chief Wiggum,23,16,17.0
Chief Wiggum,23,17,0.0
Chief Wiggum,23,18,4.0
Chief Wiggum,23,19,0.0
Chief Wiggum,23,20,11.0
Chief Wiggum,23,21,46.0
Chief Wiggum,23,22,23.0
Chief Wiggum,24,1,10.0
Chief Wiggum,24,2,44.0
Chief Wiggum,24,3,31.0
Chief Wiggum,24,4,0.0
Chief Wiggum,24,5,36.0
Chief Wiggum,24,6,41.0
Chief Wiggum,24,7,54.0
Chief Wiggum,24,8,46.0
Chief Wiggum,24,9,6.0
Chief Wiggum,24,10,99.0
Chief Wiggum,24,11,72.0
Chief Wiggum,24,12,12.0
Chief Wiggum,24,13,0.0
Chief Wiggum,24,14,0.0
Chief Wiggum,24,15,0.0
Chief Wiggum,24,16,15.0
Chief Wiggum,24,17,0.0
Chief Wiggum,24,18,5.0
Chief Wiggum,24,19,0.0
Chief Wiggum,24,20,39.0
Chief Wiggum,24,21,0.0
Chief Wiggum,24,22,12.0
Chief Wiggum,25,1,124.0
Chief Wiggum,25,2,0.0
Chief Wiggum,25,3,97.0
Chief Wiggum,25,4,0.0
Chief Wiggum,25,5,0.0
Chief Wiggum,25,6,0.0
Chief Wiggum,25,7,19.0
Chief Wiggum,25,8,46.0
Chief Wiggum,25,9,28.0
Chief Wiggum,25,10,0.0
Chief Wiggum,25,11,0.0
Chief Wiggum,25,12,0.0
Chief Wiggum,25,13,50.0
Chief Wiggum,25,14,54.0
Chief Wiggum,25,15,0.0
Chief Wiggum,25,16,0.0
Chief Wiggum,25,17,158.0
Chief Wiggum,25,18,4.0
Chief Wiggum,25,19,0.0
Chief Wiggum,25,21,10.0
Chief Wiggum,25,22,53.0
Chief Wiggum,26,1,28.0
Chief Wiggum,26,2,0.0
Chief Wiggum,26,3,35.0
Chief Wiggum,26,4,0.0
Chief Wiggum,26,5,0.0
Chief Wiggum,26,6,23.0
Chief Wiggum,26,7,0.0
Chief Wiggum,26,8,19.0
Chief Wiggum,26,9,11.0
Chief Wiggum,26,10,0.0
Chief Wiggum,26,11,140.0
Chief Wiggum,26,12,12.0
Chief Wiggum,26,13,52.0
Chief Wiggum,26,14,4.0
Chief Wiggum,26,15,53.0
Chief Wiggum,26,16,79.0
Grampa Simpson,1,1,4.0
Grampa Simpson,1,2,0.0
Grampa Simpson,1,3,0.0
Grampa Simpson,1,4,0.0
Grampa Simpson,1,5,296.0
Grampa Simpson,1,6,0.0
Grampa Simpson,1,7,0.0
Grampa Simpson,1,8,30.0
Grampa Simpson,1,9,0.0
Grampa Simpson,1,10,0.0
Grampa Simpson,1,11,0.0
Grampa Simpson,1,12,0.0
Grampa Simpson,1,13,0.0
Grampa Simpson,2,1,0.0
Grampa Simpson,2,2,0.0
Grampa Simpson,2,3,0.0
Grampa Simpson,2,4,30.0
Grampa Simpson,2,5,0.0
Grampa Simpson,2,6,0.0
Grampa Simpson,2,7,84.0
Grampa Simpson,2,8,0.0
Grampa Simpson,2,9,0.0
Grampa Simpson,2,10,0.0
Grampa Simpson,2,11,65.0
Grampa Simpson,2,12,99.0
Grampa Simpson,2,13,0.0
Grampa Simpson,2,14,0.0
Grampa Simpson,2,15,231.0
Grampa Simpson,2,16,0.0
Grampa Simpson,2,17,969.0
Grampa Simpson,2,18,0.0
Grampa Simpson,2,19,0.0
Grampa Simpson,2,20,188.0
Grampa Simpson,2,21,0.0
Grampa Simpson,2,22,0.0
Grampa Simpson,3,1,2.0
Grampa Simpson,3,2,0.0
Grampa Simpson,3,3,0.0
Grampa Simpson,3,4,0.0
Grampa Simpson,3,5,5.0
Grampa Simpson,3,6,0.0
Grampa Simpson,3,7,0.0
Grampa Simpson,3,8,41.0
Grampa Simpson,3,9,0.0
Grampa Simpson,3,10,0.0
Grampa Simpson,3,11,4.0
Grampa Simpson,3,12,33.0
Grampa Simpson,3,13,0.0
Grampa Simpson,3,14,0.0
Grampa Simpson,3,15,0.0
Grampa Simpson,3,16,0.0
Grampa Simpson,3,17,0.0
Grampa Simpson,3,18,0.0
Grampa Simpson,3,19,60.0
Grampa Simpson,3,20,0.0
Grampa Simpson,3,21,0.0
Grampa Simpson,3,22,0.0
Grampa Simpson,3,23,0.0
Grampa Simpson,3,24,0.0
Grampa Simpson,4,1,0.0
Grampa Simpson,4,2,0.0
Grampa Simpson,4,3,0.0
Grampa Simpson,4,4,7.0
Grampa Simpson,4,5,64.0
Grampa Simpson,4,6,48.0
Grampa Simpson,4,7,116.0
Grampa Simpson,4,8,70.0
Grampa Simpson,4,9,67.0
Grampa Simpson,4,10,81.0
Grampa Simpson,4,11,48.0
Grampa Simpson,4,12,57.0
Grampa Simpson,4,13,0.0
Grampa Simpson,4,14,42.0
Grampa Simpson,4,15,17.0
Grampa Simpson,4,16,0.0
Grampa Simpson,4,17,135.0
Grampa Simpson,4,18,61.0
Grampa Simpson,4,19,324.0
Grampa Simpson,4,20,68.0
Grampa Simpson,4,21,40.0
Grampa Simpson,4,22,26.0
Grampa Simpson,5,1,53.0
Grampa Simpson,5,2,79.0
Grampa Simpson,5,3,3.0
Grampa Simpson,5,4,24.0
Grampa Simpson,5,5,34.0
Grampa Simpson,5,6,0.0
Grampa Simpson,5,7,0.0
Grampa Simpson,5,8,0.0
Grampa Simpson,5,9,6.0
Grampa Simpson,5,10,111.0
Grampa Simpson,5,11,286.0
Grampa Simpson,5,12,14.0
Grampa Simpson,5,13,36.0
Grampa Simpson,5,14,574.0
Grampa Simpson,5,15,7.0
Grampa Simpson,5,16,16.0
Grampa Simpson,5,17,10.0
Grampa Simpson,5,18,8.0
Grampa Simpson,5,19,0.0
Grampa Simpson,5,20,0.0
Grampa Simpson,5,21,424.0
Grampa Simpson,5,22,5.0
Grampa Simpson,6,1,7.0
Grampa Simpson,6,2,0.0
Grampa Simpson,6,3,60.0
Grampa Simpson,6,4,28.0
Grampa Simpson,6,5,68.0
Grampa Simpson,6,6,29.0
Grampa Simpson,6,7,13.0
Grampa Simpson,6,8,9.0
Grampa Simpson,6,9,12.0
Grampa Simpson,6,10,627.0
Grampa Simpson,6,11,23.0
Grampa Simpson,6,12,40.0
Grampa Simpson,6,13,0.0
Grampa Simpson,6,14,14.0
Grampa Simpson,6,15,0.0
Grampa Simpson,6,16,0.0
Grampa Simpson,6,17,0.0
Grampa Simpson,6,18,33.0
Grampa Simpson,6,19,0.0
Grampa Simpson,6,20,22.0
Grampa Simpson,6,21,22.0
Grampa Simpson,6,22,38.0
Grampa Simpson,6,23,16.0
Grampa Simpson,6,24,104.0
Grampa Simpson,6,25,109.0
Grampa Simpson,7,1,113.0
Grampa Simpson,7,2,8.0
Grampa Simpson,7,3,17.0
Grampa Simpson,7,4,0.0
Grampa Simpson,7,5,39.0
Grampa Simpson,7,6,18.0
Grampa Simpson,7,7,0.0
Grampa Simpson,7,8,147.0
Grampa Simpson,7,9,64.0
Grampa Simpson,7,10,0.0
Grampa Simpson,7,11,5.0
Grampa Simpson,7,12,0.0
Grampa Simpson,7,13,35.0
Grampa Simpson,7,14,24.0
Grampa Simpson,7,15,0.0
Grampa Simpson,7,16,0.0
Grampa Simpson,7,17,0.0
Grampa Simpson,7,18,30.0
Grampa Simpson,7,19,12.0
Grampa Simpson,7,20,0.0
Grampa Simpson,7,21,17.0
Grampa Simpson,7,22,952.0
Grampa Simpson,7,23,87.0
Grampa Simpson,7,24,39.0
Grampa Simpson,7,25,0.0
Grampa Simpson,8,1,0.0
Grampa Simpson,8,2,0.0
Grampa Simpson,8,3,13.0
Grampa Simpson,8,4,9.0
Grampa Simpson,8,5,31.0
Grampa Simpson,8,6,0.0
Grampa Simpson,8,7,8.0
Grampa Simpson,8,8,20.0
Grampa Simpson,8,9,0.0
Grampa Simpson,8,10,60.0
Grampa Simpson,8,11,5.0
Grampa Simpson,8,12,0.0
Grampa Simpson,8,13,40.0
Grampa Simpson,8,14,0.0
Grampa Simpson,8,15,0.0
Grampa Simpson,8,16,0.0
Grampa Simpson,8,17,0.0
Grampa Simpson,8,18,0.0
Grampa Simpson,8,19,0.0
Grampa Simpson,8,20,0.0
Grampa Simpson,8,21,65.0
Grampa Simpson,8,22,0.0
Grampa Simpson,8,23,0.0
Grampa Simpson,8,24,220.0
Grampa Simpson,8,25,107.0
Grampa Simpson,9,1,0.0
Grampa Simpson,9,2,15.0
Grampa Simpson,9,3,108.0
Grampa Simpson,9,4,0.0
Grampa Simpson,9,5,0.0
Grampa Simpson,9,6,28.0
Grampa Simpson,9,7,22.0
Grampa Simpson,9,8,0.0
Grampa Simpson,9,9,0.0
Grampa Simpson,9,10,17.0
Grampa Simpson,9,11,0.0
Grampa Simpson,9,12,0.0
Grampa Simpson,9,13,0.0
Grampa Simpson,9,14,0.0
Grampa Simpson,9,15,0.0
Grampa Simpson,9,16,0.0
Grampa Simpson,9,17,189.0
Grampa Simpson,9,18,0.0
Grampa Simpson,9,19,60.0
Grampa Simpson,9,20,0.0
Grampa Simpson,9,21,21.0
Grampa Simpson,9,22,0.0
Grampa Simpson,9,23,116.0
Grampa Simpson,9,24,0.0
Grampa Simpson,9,25,110.0
Grampa Simpson,10,1,0.0
Grampa Simpson,10,2,19.0
Grampa Simpson,10,3,0.0
Grampa Simpson,10,4,0.0
Grampa Simpson,10,5,0.0
Grampa Simpson,10,6,228.0
Grampa Simpson,10,7,0.0
Grampa Simpson,10,8,231.0
Grampa Simpson,10,9,0.0
Grampa Simpson,10,10,6.0
Grampa Simpson,10,11,23.0
Grampa Simpson,10,12,0.0
Grampa Simpson,10,13,41.0
Grampa Simpson,10,14,0.0
Grampa Simpson,10,15,0.0
Grampa Simpson,10,16,0.0
Grampa Simpson,10,17,0.0
Grampa Simpson,10,18,10.0
Grampa Simpson,10,19,0.0
Grampa Simpson,10,20,136.0
Grampa Simpson,10,21,0.0
Grampa Simpson,10,22,0.0
Grampa Simpson,10,23,0.0
Grampa Simpson,11,1,0.0
Grampa Simpson,11,2,2.0
Grampa Simpson,11,3,0.0
Grampa Simpson,11,4,20.0
Grampa Simpson,11,5,0.0
Grampa Simpson,11,6,10.0
Grampa Simpson,11,7,0.0
Grampa Simpson,11,8,4.0
Grampa Simpson,11,9,0.0
Grampa Simpson,11,10,0.0
Grampa Simpson,11,11,3.0
Grampa Simpson,11,12,3.0
Grampa Simpson,11,13,0.0
Grampa Simpson,11,14,0.0
Grampa Simpson,11,15,0.0
Grampa Simpson,11,16,0.0
Grampa Simpson,11,17,0.0
Grampa Simpson,11,18,0.0
Grampa Simpson,11,19,0.0
Grampa Simpson,11,20,0.0
Grampa Simpson,11,21,0.0
Grampa Simpson,11,22,14.0
Grampa Simpson,12,1,8.0
Grampa Simpson,12,2,3.0
Grampa Simpson,12,3,0.0
Grampa Simpson,12,4,0.0
Grampa Simpson,12,5,0.0
Grampa Simpson,12,6,0.0
Grampa Simpson,12,7,118.0
Grampa Simpson,12,8,0.0
Grampa Simpson,12,9,0.0
Grampa Simpson,12,10,0.0
Grampa Simpson,12,11,0.0
Grampa Simpson,12,12,84.0
Grampa Simpson,12,13,0.0
Grampa Simpson,12,14,0.0
Grampa Simpson,12,15,0.0
Grampa Simpson,12,16,0.0
Grampa Simpson,12,17,0.0
Grampa Simpson,12,18,0.0
Grampa Simpson,12,19,0.0
Grampa Simpson,12,20,63.0
Grampa Simpson,12,21,17.0
Grampa Simpson,13,1,0.0
Grampa Simpson,13,2,0.0
Grampa Simpson,13,3,0.0
Grampa Simpson,13,4,0.0
Grampa Simpson,13,5,0.0
Grampa Simpson,13,6,0.0
Grampa Simpson,13,7,85.0
Grampa Simpson,13,8,0.0
Grampa Simpson,13,9,45.0
Grampa Simpson,13,10,9.0
Grampa Simpson,13,11,0.0
Grampa Simpson,13,12,45.0
Grampa Simpson,13,13,757.0
Grampa Simpson,13,14,0.0
Grampa Simpson,13,15,0.0
Grampa Simpson,13,16,0.0
Grampa Simpson,13,17,41.0
Grampa Simpson,13,18,0.0
Grampa Simpson,13,19,24.0
Grampa Simpson,13,20,52.0
Grampa Simpson,13,21,0.0
Grampa Simpson,13,22,6.0
Grampa Simpson,14,1,43.0
Grampa Simpson,14,2,0.0
Grampa Simpson,14,3,0.0
Grampa Simpson,14,4,0.0
Grampa Simpson,14,5,15.0
Grampa Simpson,14,6,0.0
Grampa Simpson,14,7,36.0
Grampa Simpson,14,8,0.0
Grampa Simpson,14,9,16.0
Grampa Simpson,14,10,0.0
Grampa Simpson,14,11,9.0
Grampa Simpson,14,12,0.0
Grampa Simpson,14,13,4.0
Grampa Simpson,14,14,5.0
Grampa Simpson,14,15,0.0
Grampa Simpson,14,16,51.0
Grampa Simpson,14,17,6.0
Grampa Simpson,14,18,0.0
Grampa Simpson,14,19,0.0
Grampa Simpson,14,20,0.0
Grampa Simpson,14,21,7.0
Grampa Simpson,14,22,31.0
Grampa Simpson,15,1,3.0
Grampa Simpson,15,2,31.0
Grampa Simpson,15,3,0.0
Grampa Simpson,15,4,163.0
Grampa Simpson,15,5,65.0
Grampa Simpson,15,6,20.0
Grampa Simpson,15,7,9.0
Grampa Simpson,15,8,0.0
Grampa Simpson,15,9,35.0
Grampa Simpson,15,10,0.0
Grampa Simpson,15,11,0.0
Grampa Simpson,15,12,6.0
Grampa Simpson,15,13,0.0
Grampa Simpson,15,14,40.0
Grampa Simpson,15,15,0.0
Grampa Simpson,15,16,0.0
Grampa Simpson,15,17,17.0
Grampa Simpson,15,18,156.0
Grampa Simpson,15,19,0.0
Grampa Simpson,15,20,3.0
Grampa Simpson,15,21,0.0
Grampa Simpson,15,22,0.0
Grampa Simpson,16,1,0.0
Grampa Simpson,16,2,0.0
Grampa Simpson,16,3,0.0
Grampa Simpson,16,4,11.0
Grampa Simpson,16,5,23.0
Grampa Simpson,16,6,178.0
Grampa Simpson,16,7,0.0
Grampa Simpson,16,8,0.0
Grampa Simpson,16,9,0.0
Grampa Simpson,16,10,24.0
Grampa Simpson,16,11,57.0
Grampa Simpson,16,12,0.0
Grampa Simpson,16,13,0.0
Grampa Simpson,16,14,0.0
Grampa Simpson,16,15,0.0
Grampa Simpson,16,16,24.0
Grampa Simpson,16,17,0.0
Grampa Simpson,16,18,0.0
Grampa Simpson,16,19,11.0
Grampa Simpson,16,20,0.0
Grampa Simpson,16,21,9.0
Grampa Simpson,17,1,0.0
Grampa Simpson,17,2,0.0
Grampa Simpson,17,3,0.0
Grampa Simpson,17,4,24.0
Grampa Simpson,17,5,0.0
Grampa Simpson,17,6,0.0
Grampa Simpson,17,7,0.0
Grampa Simpson,17,8,0.0
Grampa Simpson,17,9,363.0
Grampa Simpson,17,10,333.0
Grampa Simpson,17,11,0.0
Grampa Simpson,17,12,0.0
Grampa Simpson,17,13,0.0
Grampa Simpson,17,14,0.0
Grampa Simpson,17,15,0.0
Grampa Simpson,17,16,431.0
Grampa Simpson,17,17,0.0
Grampa Simpson,17,18,0.0
Grampa Simpson,17,19,0.0
Grampa Simpson,17,20,17.0
Grampa Simpson,17,21,17.0
Grampa Simpson,17,22,80.0
Grampa Simpson,18,1,0.0
Grampa Simpson,18,2,0.0
Grampa Simpson,18,3,0.0
Grampa Simpson,18,4,19.0
Grampa Simpson,18,5,26.0
Grampa Simpson,18,6,70.0
Grampa Simpson,18,7,7.0
Grampa Simpson,18,8,19.0
Grampa Simpson,18,9,22.0
Grampa Simpson,18,10,3.0
Grampa Simpson,18,11,34.0
Grampa Simpson,18,12,31.0
Grampa Simpson,18,13,0.0
Grampa Simpson,18,14,7.0
Grampa Simpson,18,15,573.0
Grampa Simpson,18,16,0.0
Grampa Simpson,18,17,3.0
Grampa Simpson,18,18,6.0
Grampa Simpson,18,19,24.0
Grampa Simpson,18,20,0.0
Grampa Simpson,18,21,0.0
Grampa Simpson,18,22,35.0
Grampa Simpson,19,1,0.0
Grampa Simpson,19,2,0.0
Grampa Simpson,19,3,0.0
Grampa Simpson,19,4,0.0
Grampa Simpson,19,5,2.0
Grampa Simpson,19,6,24.0
Grampa Simpson,19,7,0.0
Grampa Simpson,19,8,0.0
Grampa Simpson,19,9,96.0
Grampa Simpson,19,10,0.0
Grampa Simpson,19,11,27.0
Grampa Simpson,19,12,13.0
Grampa Simpson,19,13,0.0
Grampa Simpson,19,14,0.0
Grampa Simpson,19,15,0.0
Grampa Simpson,19,16,140.0
Grampa Simpson,19,17,0.0
Grampa Simpson,19,18,0.0
Grampa Simpson,19,19,40.0
Grampa Simpson,19,20,0.0
Grampa Simpson,20,1,0.0
Grampa Simpson,20,2,0.0
Grampa Simpson,20,3,53.0
Grampa Simpson,20,5,11.0
Grampa Simpson,20,6,47.0
Grampa Simpson,20,7,7.0
Grampa Simpson,20,8,17.0
Grampa Simpson,20,9,0.0
Grampa Simpson,20,10,17.0
Grampa Simpson,20,11,0.0
Grampa Simpson,20,12,42.0
Grampa Simpson,20,13,0.0
Grampa Simpson,20,14,345.0
Grampa Simpson,20,15,0.0
Grampa Simpson,20,16,0.0
Grampa Simpson,20,17,13.0
Grampa Simpson,20,18,0.0
Grampa Simpson,20,19,0.0
Grampa Simpson,20,20,0.0
Grampa Simpson,21,1,0.0
Grampa Simpson,21,2,0.0
Grampa Simpson,21,3,0.0
Grampa Simpson,21,4,12.0
Grampa Simpson,21,5,0.0
Grampa Simpson,21,7,0.0
Grampa Simpson,21,8,0.0
Grampa Simpson,21,9,530.0
Grampa Simpson,21,10,0.0
Grampa Simpson,21,11,57.0
Grampa Simpson,21,12,0.0
Grampa Simpson,21,13,249.0
Grampa Simpson,21,14,0.0
Grampa Simpson,21,15,48.0
Grampa Simpson,21,16,0.0
Grampa Simpson,21,17,11.0
Grampa Simpson,21,18,0.0
Grampa Simpson,21,19,0.0
Grampa Simpson,21,20,5.0
Grampa Simpson,21,21,0.0
Grampa Simpson,21,22,0.0
Grampa Simpson,21,23,50.0
Grampa Simpson,22,1,33.0
Grampa Simpson,22,2,196.0
Grampa Simpson,22,3,0.0
Grampa Simpson,22,4,9.0
Grampa Simpson,22,5,0.0
Grampa Simpson,22,6,0.0
Grampa Simpson,22,7,0.0
Grampa Simpson,22,8,40.0
Grampa Simpson,22,9,0.0
Grampa Simpson,22,10,0.0
Grampa Simpson,22,11,3.0
Grampa Simpson,22,12,0.0
Grampa Simpson,22,13,0.0
Grampa Simpson,22,14,0.0
Grampa Simpson,22,15,499.0
Grampa Simpson,22,16,18.0
Grampa Simpson,22,17,19.0
Grampa Simpson,22,18,65.0
Grampa Simpson,22,19,0.0
Grampa Simpson,22,20,17.0
Grampa Simpson,22,21,0.0
Grampa Simpson,22,22,0.0
Grampa Simpson,23,1,36.0
Grampa Simpson,23,2,41.0
Grampa Simpson,23,3,7.0
Grampa Simpson,23,4,67.0
Grampa Simpson,23,5,0.0
Grampa Simpson,23,6,0.0
Grampa Simpson,23,7,0.0
Grampa Simpson,23,8,0.0
Grampa Simpson,23,9,88.0
Grampa Simpson,23,10,0.0
Grampa Simpson,23,11,23.0
Grampa Simpson,23,12,0.0
Grampa Simpson,23,13,132.0
Grampa Simpson,23,14,10.0
Grampa Simpson,23,15,13.0
Grampa Simpson,23,16,77.0
Grampa Simpson,23,17,19.0
Grampa Simpson,23,18,36.0
Grampa Simpson,23,19,0.0
Grampa Simpson,23,20,11.0
Grampa Simpson,23,21,2.0
Grampa Simpson,23,22,7.0
Grampa Simpson,24,1,0.0
Grampa Simpson,24,2,0.0
Grampa Simpson,24,3,0.0
Grampa Simpson,24,4,308.0
Grampa Simpson,24,5,0.0
Grampa Simpson,24,6,0.0
Grampa Simpson,24,7,0.0
Grampa Simpson,24,8,642.0
Grampa Simpson,24,9,0.0
Grampa Simpson,24,10,0.0
Grampa Simpson,24,11,38.0
Grampa Simpson,24,12,0.0
Grampa Simpson,24,13,0.0
Grampa Simpson,24,14,415.0
Grampa Simpson,24,15,61.0
Grampa Simpson,24,16,95.0
Grampa Simpson,24,17,14.0
Grampa Simpson,24,18,2.0
Grampa Simpson,24,19,207.0
Grampa Simpson,24,20,6.0
Grampa Simpson,24,21,4.0
Grampa Simpson,24,22,42.0
Grampa Simpson,25,1,3.0
Grampa Simpson,25,2,26.0
Grampa Simpson,25,3,0.0
Grampa Simpson,25,4,0.0
Grampa Simpson,25,5,9.0
Grampa Simpson,25,6,0.0
Grampa Simpson,25,7,0.0
Grampa Simpson,25,8,0.0
Grampa Simpson,25,9,0.0
Grampa Simpson,25,10,0.0
Grampa Simpson,25,11,6.0
Grampa Simpson,25,12,8.0
Grampa Simpson,25,13,0.0
Grampa Simpson,25,14,149.0
Grampa Simpson,25,15,0.0
Grampa Simpson,25,16,0.0
Grampa Simpson,25,17,0.0
Grampa Simpson,25,18,17.0
Grampa Simpson,25,19,0.0
Grampa Simpson,25,21,98.0
Grampa Simpson,25,22,132.0
Grampa Simpson,26,1,0.0
Grampa Simpson,26,2,0.0
Grampa Simpson,26,3,32.0
Grampa Simpson,26,4,12.0
Grampa Simpson,26,5,0.0
Grampa Simpson,26,6,0.0
Grampa Simpson,26,7,0.0
Grampa Simpson,26,8,0.0
Grampa Simpson,26,9,19.0
Grampa Simpson,26,10,16.0
Grampa Simpson,26,11,18.0
Grampa Simpson,26,12,2.0
Grampa Simpson,26,13,9.0
Grampa Simpson,26,14,35.0
Grampa Simpson,26,15,0.0
Grampa Simpson,26,16,0.0
Homer Simpson,1,1,900.0
Homer Simpson,1,2,543.0
Homer Simpson,1,3,852.0
Homer Simpson,1,4,868.0
Homer Simpson,1,5,382.0
Homer Simpson,1,6,586.0
Homer Simpson,1,7,745.0
Homer Simpson,1,8,503.0
Homer Simpson,1,9,505.0
Homer Simpson,1,10,831.0
Homer Simpson,1,11,565.0
Homer Simpson,1,12,282.0
Homer Simpson,1,13,584.0
Homer Simpson,2,1,174.0
Homer Simpson,2,2,805.0
Homer Simpson,2,3,634.0
Homer Simpson,2,4,537.0
Homer Simpson,2,5,1002.0
Homer Simpson,2,6,942.0
Homer Simpson,2,7,419.0
Homer Simpson,2,8,519.0
Homer Simpson,2,9,330.0
Homer Simpson,2,10,529.0
Homer Simpson,2,11,1209.0
Homer Simpson,2,12,991.0
Homer Simpson,2,13,780.0
Homer Simpson,2,14,329.0
Homer Simpson,2,15,939.0
Homer Simpson,2,16,519.0
Homer Simpson,2,17,402.0
Homer Simpson,2,18,501.0
Homer Simpson,2,19,634.0
Homer Simpson,2,20,803.0
Homer Simpson,2,21,214.0
Homer Simpson,2,22,971.0
Homer Simpson,3,1,548.0
Homer Simpson,3,2,509.0
Homer Simpson,3,3,763.0
Homer Simpson,3,4,214.0
Homer Simpson,3,5,438.0
Homer Simpson,3,6,66.0
Homer Simpson,3,7,516.0
Homer Simpson,3,8,880.0
Homer Simpson,3,9,756.0
Homer Simpson,3,10,546.0
Homer Simpson,3,11,488.0
Homer Simpson,3,12,1098.0
Homer Simpson,3,13,334.0
Homer Simpson,3,14,835.0
Homer Simpson,3,15,528.0
Homer Simpson,3,16,474.0
Homer Simpson,3,17,422.0
Homer Simpson,3,18,87.0
Homer Simpson,3,19,614.0
Homer Simpson,3,20,856.0
Homer Simpson,3,21,164.0
Homer Simpson,3,22,336.0
Homer Simpson,3,23,149.0
Homer Simpson,3,24,578.0
Homer Simpson,4,1,239.0
Homer Simpson,4,2,405.0
Homer Simpson,4,3,853.0
Homer Simpson,4,4,354.0
Homer Simpson,4,5,232.0
Homer Simpson,4,6,762.0
Homer Simpson,4,7,410.0
Homer Simpson,4,8,449.0
Homer Simpson,4,9,760.0
Homer Simpson,4,10,539.0
Homer Simpson,4,11,818.0
Homer Simpson,4,12,291.0
Homer Simpson,4,13,281.0
Homer Simpson,4,14,526.0
Homer Simpson,4,15,268.0
Homer Simpson,4,16,469.0
Homer Simpson,4,17,389.0
Homer Simpson,4,18,542.0
Homer Simpson,4,19,335.0
Homer Simpson,4,20,197.0
Homer Simpson,4,21,248.0
Homer Simpson,4,22,92.0
Homer Simpson,5,1,580.0
Homer Simpson,5,2,226.0
Homer Simpson,5,3,895.0
Homer Simpson,5,4,584.0
Homer Simpson,5,5,284.0
Homer Simpson,5,6,607.0
Homer Simpson,5,7,414.0
Homer Simpson,5,8,577.0
Homer Simpson,5,9,708.0
Homer Simpson,5,10,606.0
Homer Simpson,5,11,767.0
Homer Simpson,5,12,329.0
Homer Simpson,5,13,444.0
Homer Simpson,5,14,165.0
Homer Simpson,5,15,568.0
Homer Simpson,5,16,903.0
Homer Simpson,5,17,741.0
Homer Simpson,5,18,387.0
Homer Simpson,5,19,59.0
Homer Simpson,5,20,251.0
Homer Simpson,5,21,208.0
Homer Simpson,5,22,1387.0
Homer Simpson,6,1,178.0
Homer Simpson,6,2,378.0
Homer Simpson,6,3,344.0
Homer Simpson,6,4,389.0
Homer Simpson,6,5,149.0
Homer Simpson,6,6,528.0
Homer Simpson,6,7,154.0
Homer Simpson,6,8,445.0
Homer Simpson,6,9,904.0
Homer Simpson,6,10,668.0
Homer Simpson,6,11,782.0
Homer Simpson,6,12,915.0
Homer Simpson,6,13,1144.0
Homer Simpson,6,14,380.0
Homer Simpson,6,15,619.0
Homer Simpson,6,16,358.0
Homer Simpson,6,17,865.0
Homer Simpson,6,18,360.0
Homer Simpson,6,19,529.0
Homer Simpson,6,20,281.0
Homer Simpson,6,21,110.0
Homer Simpson,6,22,209.0
Homer Simpson,6,23,722.0
Homer Simpson,6,24,211.0
Homer Simpson,6,25,128.0
Homer Simpson,7,1,136.0
Homer Simpson,7,2,97.0
Homer Simpson,7,3,409.0
Homer Simpson,7,4,163.0
Homer Simpson,7,5,495.0
Homer Simpson,7,6,460.0
Homer Simpson,7,7,1020.0
Homer Simpson,7,8,550.0
Homer Simpson,7,9,114.0
Homer Simpson,7,10,352.0
Homer Simpson,7,11,308.0
Homer Simpson,7,12,586.0
Homer Simpson,7,13,703.0
Homer Simpson,7,14,382.0
Homer Simpson,7,15,132.0
Homer Simpson,7,16,412.0
Homer Simpson,7,17,553.0
Homer Simpson,7,18,70.0
Homer Simpson,7,19,168.0
Homer Simpson,7,20,449.0
Homer Simpson,7,21,76.0
Homer Simpson,7,22,67.0
Homer Simpson,7,23,680.0
Homer Simpson,7,24,1005.0
Homer Simpson,7,25,224.0
Homer Simpson,8,1,423.0
Homer Simpson,8,2,546.0
Homer Simpson,8,3,409.0
Homer Simpson,8,4,387.0
Homer Simpson,8,5,443.0
Homer Simpson,8,6,662.0
Homer Simpson,8,7,232.0
Homer Simpson,8,8,326.0
Homer Simpson,8,9,1060.0
Homer Simpson,8,10,683.0
Homer Simpson,8,11,364.0
Homer Simpson,8,12,332.0
Homer Simpson,8,13,412.0
Homer Simpson,8,14,478.0
Homer Simpson,8,15,981.0
Homer Simpson,8,16,90.0
Homer Simpson,8,17,225.0
Homer Simpson,8,18,554.0
Homer Simpson,8,19,101.0
Homer Simpson,8,20,256.0
Homer Simpson,8,21,181.0
Homer Simpson,8,22,279.0
Homer Simpson,8,23,588.0
Homer Simpson,8,24,155.0
Homer Simpson,8,25,154.0
Homer Simpson,9,1,684.0
Homer Simpson,9,2,155.0
Homer Simpson,9,3,633.0
Homer Simpson,9,4,471.0
Homer Simpson,9,5,904.0
Homer Simpson,9,6,977.0
Homer Simpson,9,7,564.0
Homer Simpson,9,8,386.0
Homer Simpson,9,9,350.0
Homer Simpson,9,10,468.0
Homer Simpson,9,11,186.0
Homer Simpson,9,12,629.0
Homer Simpson,9,13,625.0
Homer Simpson,9,14,328.0
Homer Simpson,9,15,190.0
Homer Simpson,9,16,635.0
Homer Simpson,9,17,319.0
Homer Simpson,9,18,141.0
Homer Simpson,9,19,656.0
Homer Simpson,9,20,600.0
Homer Simpson,9,21,184.0
Homer Simpson,9,22,1072.0
Homer Simpson,9,23,885.0
Homer Simpson,9,24,601.0
Homer Simpson,9,25,620.0
Homer Simpson,10,1,533.0
Homer Simpson,10,2,1364.0
Homer Simpson,10,3,280.0
Homer Simpson,10,4,322.0
Homer Simpson,10,5,1216.0
Homer Simpson,10,6,961.0
Homer Simpson,10,7,432.0
Homer Simpson,10,8,858.0
Homer Simpson,10,9,632.0
Homer Simpson,10,10,911.0
Homer Simpson,10,11,330.0
Homer Simpson,10,12,545.0
Homer Simpson,10,13,1056.0
Homer Simpson,10,14,555.0
Homer Simpson,10,15,391.0
Homer Simpson,10,16,840.0
Homer Simpson,10,17,748.0
Homer Simpson,10,18,361.0
Homer Simpson,10,19,1093.0
Homer Simpson,10,20,339.0
Homer Simpson,10,21,445.0
Homer Simpson,10,22,308.0
Homer Simpson,10,23,698.0
Homer Simpson,11,1,897.0
Homer Simpson,11,2,429.0
Homer Simpson,11,3,827.0
Homer Simpson,11,4,535.0
Homer Simpson,11,5,1035.0
Homer Simpson,11,6,990.0
Homer Simpson,11,7,408.0
Homer Simpson,11,8,528.0
Homer Simpson,11,9,221.0
Homer Simpson,11,10,532.0
Homer Simpson,11,11,412.0
Homer Simpson,11,12,699.0
Homer Simpson,11,13,588.0
Homer Simpson,11,14,653.0
Homer Simpson,11,15,1130.0
Homer Simpson,11,16,382.0
Homer Simpson,11,17,224.0
Homer Simpson,11,18,642.0
Homer Simpson,11,19,687.0
Homer Simpson,11,20,283.0
Homer Simpson,11,21,190.0
Homer Simpson,11,22,431.0
Homer Simpson,12,1,551.0
Homer Simpson,12,2,817.0
Homer Simpson,12,3,412.0
Homer Simpson,12,4,215.0
Homer Simpson,12,5,596.0
Homer Simpson,12,6,878.0
Homer Simpson,12,7,820.0
Homer Simpson,12,8,243.0
Homer Simpson,12,9,853.0
Homer Simpson,12,10,379.0
Homer Simpson,12,11,170.0
Homer Simpson,12,12,827.0
Homer Simpson,12,13,69.0
Homer Simpson,12,14,231.0
Homer Simpson,12,15,881.0
Homer Simpson,12,16,383.0
Homer Simpson,12,17,578.0
Homer Simpson,12,18,378.0
Homer Simpson,12,19,350.0
Homer Simpson,12,20,733.0
Homer Simpson,12,21,168.0
Homer Simpson,13,1,322.0
Homer Simpson,13,2,621.0
Homer Simpson,13,3,742.0
Homer Simpson,13,4,335.0
Homer Simpson,13,5,494.0
Homer Simpson,13,6,328.0
Homer Simpson,13,7,530.0
Homer Simpson,13,8,495.0
Homer Simpson,13,9,434.0
Homer Simpson,13,10,519.0
Homer Simpson,13,11,265.0
Homer Simpson,13,12,315.0
Homer Simpson,13,13,303.0
Homer Simpson,13,14,508.0
Homer Simpson,13,15,482.0
Homer Simpson,13,16,887.0
Homer Simpson,13,17,164.0
Homer Simpson,13,18,304.0
Homer Simpson,13,19,462.0
Homer Simpson,13,20,169.0
Homer Simpson,13,21,620.0
Homer Simpson,13,22,783.0
Homer Simpson,14,1,604.0
Homer Simpson,14,2,1029.0
Homer Simpson,14,3,194.0
Homer Simpson,14,4,366.0
Homer Simpson,14,5,577.0
Homer Simpson,14,6,471.0
Homer Simpson,14,7,134.0
Homer Simpson,14,8,815.0
Homer Simpson,14,9,505.0
Homer Simpson,14,10,719.0
Homer Simpson,14,11,692.0
Homer Simpson,14,12,337.0
Homer Simpson,14,13,239.0
Homer Simpson,14,14,206.0
Homer Simpson,14,15,975.0
Homer Simpson,14,16,151.0
Homer Simpson,14,17,1145.0
Homer Simpson,14,18,493.0
Homer Simpson,14,19,528.0
Homer Simpson,14,20,961.0
Homer Simpson,14,21,323.0
Homer Simpson,14,22,315.0
Homer Simpson,15,1,291.0
Homer Simpson,15,2,760.0
Homer Simpson,15,3,280.0
Homer Simpson,15,4,710.0
Homer Simpson,15,5,704.0
Homer Simpson,15,6,382.0
Homer Simpson,15,7,830.0
Homer Simpson,15,8,330.0
Homer Simpson,15,9,539.0
Homer Simpson,15,10,785.0
Homer Simpson,15,11,102.0
Homer Simpson,15,12,335.0
Homer Simpson,15,13,366.0
Homer Simpson,15,14,527.0
Homer Simpson,15,15,755.0
Homer Simpson,15,16,255.0
Homer Simpson,15,17,466.0
Homer Simpson,15,18,443.0
Homer Simpson,15,19,580.0
Homer Simpson,15,20,730.0
Homer Simpson,15,21,457.0
Homer Simpson,15,22,343.0
Homer Simpson,16,1,392.0
Homer Simpson,16,2,492.0
Homer Simpson,16,3,298.0
Homer Simpson,16,4,368.0
Homer Simpson,16,5,649.0
Homer Simpson,16,6,496.0
Homer Simpson,16,7,607.0
Homer Simpson,16,8,604.0
Homer Simpson,16,9,313.0
Homer Simpson,16,10,550.0
Homer Simpson,16,11,313.0
Homer Simpson,16,12,457.0
Homer Simpson,16,13,711.0
Homer Simpson,16,14,465.0
Homer Simpson,16,15,181.0
Homer Simpson,16,16,964.0
Homer Simpson,16,17,372.0
Homer Simpson,16,18,692.0
Homer Simpson,16,19,906.0
Homer Simpson,16,20,618.0
Homer Simpson,16,21,544.0
Homer Simpson,17,1,832.0
Homer Simpson,17,2,461.0
Homer Simpson,17,3,509.0
Homer Simpson,17,4,325.0
Homer Simpson,17,5,344.0
Homer Simpson,17,6,784.0
Homer Simpson,17,7,373.0
Homer Simpson,17,8,468.0
Homer Simpson,17,9,223.0
Homer Simpson,17,10,530.0
Homer Simpson,17,11,703.0
Homer Simpson,17,12,157.0
Homer Simpson,17,13,254.0
Homer Simpson,17,14,413.0
Homer Simpson,17,15,607.0
Homer Simpson,17,16,190.0
Homer Simpson,17,17,423.0
Homer Simpson,17,18,393.0
Homer Simpson,17,19,194.0
Homer Simpson,17,20,771.0
Homer Simpson,17,21,203.0
Homer Simpson,17,22,557.0
Homer Simpson,18,1,208.0
Homer Simpson,18,2,227.0
Homer Simpson,18,3,622.0
Homer Simpson,18,4,329.0
Homer Simpson,18,5,459.0
Homer Simpson,18,6,340.0
Homer Simpson,18,7,761.0
Homer Simpson,18,8,387.0
Homer Simpson,18,9,324.0
Homer Simpson,18,10,514.0
Homer Simpson,18,11,485.0
Homer Simpson,18,12,328.0
Homer Simpson,18,13,612.0
Homer Simpson,18,14,95.0
Homer Simpson,18,15,433.0
Homer Simpson,18,16,646.0
Homer Simpson,18,17,392.0
Homer Simpson,18,18,495.0
Homer Simpson,18,19,512.0
Homer Simpson,18,20,310.0
Homer Simpson,18,21,176.0
Homer Simpson,18,22,551.0
Homer Simpson,19,1,868.0
Homer Simpson,19,2,722.0
Homer Simpson,19,3,652.0
Homer Simpson,19,4,286.0
Homer Simpson,19,5,423.0
Homer Simpson,19,6,402.0
Homer Simpson,19,7,577.0
Homer Simpson,19,8,300.0
Homer Simpson,19,9,921.0
Homer Simpson,19,10,423.0
Homer Simpson,19,11,865.0
Homer Simpson,19,12,136.0
Homer Simpson,19,13,293.0
Homer Simpson,19,14,228.0
Homer Simpson,19,15,547.0
Homer Simpson,19,16,387.0
Homer Simpson,19,17,182.0
Homer Simpson,19,18,350.0
Homer Simpson,19,19,678.0
Homer Simpson,19,20,258.0
Homer Simpson,20,1,675.0
Homer Simpson,20,2,144.0
Homer Simpson,20,3,364.0
Homer Simpson,20,5,787.0
Homer Simpson,20,6,622.0
Homer Simpson,20,7,511.0
Homer Simpson,20,8,271.0
Homer Simpson,20,9,271.0
Homer Simpson,20,10,888.0
Homer Simpson,20,11,309.0
Homer Simpson,20,12,730.0
Homer Simpson,20,13,511.0
Homer Simpson,20,14,468.0
Homer Simpson,20,15,540.0
Homer Simpson,20,16,477.0
Homer Simpson,20,17,118.0
Homer Simpson,20,18,1066.0
Homer Simpson,20,19,530.0
Homer Simpson,20,20,301.0
Homer Simpson,21,1,489.0
Homer Simpson,21,2,152.0
Homer Simpson,21,3,331.0
Homer Simpson,21,4,262.0
Homer Simpson,21,5,442.0
Homer Simpson,21,7,163.0
Homer Simpson,21,8,316.0
Homer Simpson,21,9,569.0
Homer Simpson,21,10,228.0
Homer Simpson,21,11,807.0
Homer Simpson,21,12,341.0
Homer Simpson,21,13,218.0
Homer Simpson,21,14,570.0
Homer Simpson,21,15,147.0
Homer Simpson,21,16,649.0
Homer Simpson,21,17,209.0
Homer Simpson,21,18,467.0
Homer Simpson,21,19,772.0
Homer Simpson,21,20,229.0
Homer Simpson,21,21,304.0
Homer Simpson,21,22,187.0
Homer Simpson,21,23,292.0
Homer Simpson,22,1,91.0
Homer Simpson,22,2,343.0
Homer Simpson,22,3,150.0
Homer Simpson,22,4,460.0
Homer Simpson,22,5,398.0
Homer Simpson,22,6,157.0
Homer Simpson,22,7,369.0
Homer Simpson,22,8,267.0
Homer Simpson,22,9,749.0
Homer Simpson,22,10,186.0
Homer Simpson,22,11,69.0
Homer Simpson,22,12,556.0
Homer Simpson,22,13,353.0
Homer Simpson,22,14,408.0
Homer Simpson,22,15,276.0
Homer Simpson,22,16,494.0
Homer Simpson,22,17,603.0
Homer Simpson,22,18,206.0
Homer Simpson,22,19,397.0
Homer Simpson,22,20,521.0
Homer Simpson,22,21,346.0
Homer Simpson,22,22,466.0
Homer Simpson,23,1,563.0
Homer Simpson,23,2,202.0
Homer Simpson,23,3,310.0
Homer Simpson,23,4,518.0
Homer Simpson,23,5,643.0
Homer Simpson,23,6,412.0
Homer Simpson,23,7,670.0
Homer Simpson,23,8,142.0
Homer Simpson,23,9,291.0
Homer Simpson,23,10,1296.0
Homer Simpson,23,11,373.0
Homer Simpson,23,12,73.0
Homer Simpson,23,13,167.0
Homer Simpson,23,14,566.0
Homer Simpson,23,15,619.0
Homer Simpson,23,16,784.0
Homer Simpson,23,17,899.0
Homer Simpson,23,18,439.0
Homer Simpson,23,19,324.0
Homer Simpson,23,20,634.0
Homer Simpson,23,21,422.0
Homer Simpson,23,22,284.0
Homer Simpson,24,1,464.0
Homer Simpson,24,2,544.0
Homer Simpson,24,3,696.0
Homer Simpson,24,4,626.0
Homer Simpson,24,5,435.0
Homer Simpson,24,6,728.0
Homer Simpson,24,7,924.0
Homer Simpson,24,8,642.0
Homer Simpson,24,9,770.0
Homer Simpson,24,10,253.0
Homer Simpson,24,11,846.0
Homer Simpson,24,12,338.0
Homer Simpson,24,13,275.0
Homer Simpson,24,14,418.0
Homer Simpson,24,15,437.0
Homer Simpson,24,16,82.0
Homer Simpson,24,17,687.0
Homer Simpson,24,18,435.0
Homer Simpson,24,19,196.0
Homer Simpson,24,20,178.0
Homer Simpson,24,21,733.0
Homer Simpson,24,22,652.0
Homer Simpson,25,1,702.0
Homer Simpson,25,2,422.0
Homer Simpson,25,3,234.0
Homer Simpson,25,4,559.0
Homer Simpson,25,5,951.0
Homer Simpson,25,6,137.0
Homer Simpson,25,7,330.0
Homer Simpson,25,8,246.0
Homer Simpson,25,9,920.0
Homer Simpson,25,10,209.0
Homer Simpson,25,11,682.0
Homer Simpson,25,12,345.0
Homer Simpson,25,13,176.0
Homer Simpson,25,14,433.0
Homer Simpson,25,15,838.0
Homer Simpson,25,16,530.0
Homer Simpson,25,17,539.0
Homer Simpson,25,18,274.0
Homer Simpson,25,19,433.0
Homer Simpson,25,21,294.0
Homer Simpson,25,22,285.0
Homer Simpson,26,1,97.0
Homer Simpson,26,2,489.0
Homer Simpson,26,3,328.0
Homer Simpson,26,4,439.0
Homer Simpson,26,5,577.0
Homer Simpson,26,6,375.0
Homer Simpson,26,7,428.0
Homer Simpson,26,8,886.0
Homer Simpson,26,9,501.0
Homer Simpson,26,10,497.0
Homer Simpson,26,11,850.0
Homer Simpson,26,12,641.0
Homer Simpson,26,13,713.0
Homer Simpson,26,14,244.0
Homer Simpson,26,15,374.0
Homer Simpson,26,16,310.0
Kent Brockman,1,1,0.0
Kent Brockman,1,2,0.0
Kent Brockman,1,3,0.0
Kent Brockman,1,4,0.0
Kent Brockman,1,5,0.0
Kent Brockman,1,6,0.0
Kent Brockman,1,7,0.0
Kent Brockman,1,8,0.0
Kent Brockman,1,9,0.0
Kent Brockman,1,10,0.0
Kent Brockman,1,11,0.0
Kent Brockman,1,12,211.0
Kent Brockman,1,13,0.0
Kent Brockman,2,1,0.0
Kent Brockman,2,2,0.0
Kent Brockman,2,3,0.0
Kent Brockman,2,4,0.0
Kent Brockman,2,5,0.0
Kent Brockman,2,6,0.0
Kent Brockman,2,7,137.0
Kent Brockman,2,8,0.0
Kent Brockman,2,9,38.0
Kent Brockman,2,10,0.0
Kent Brockman,2,11,0.0
Kent Brockman,2,12,0.0
Kent Brockman,2,13,0.0
Kent Brockman,2,14,0.0
Kent Brockman,2,15,0.0
Kent Brockman,2,16,11.0
Kent Brockman,2,17,79.0
Kent Brockman,2,18,19.0
Kent Brockman,2,19,0.0
Kent Brockman,2,20,0.0
Kent Brockman,2,21,0.0
Kent Brockman,2,22,0.0
Kent Brockman,3,1,24.0
Kent Brockman,3,2,0.0
Kent Brockman,3,3,0.0
Kent Brockman,3,4,25.0
Kent Brockman,3,5,126.0
Kent Brockman,3,6,0.0
Kent Brockman,3,7,20.0
Kent Brockman,3,8,0.0
Kent Brockman,3,9,0.0
Kent Brockman,3,10,84.0
Kent Brockman,3,11,25.0
Kent Brockman,3,12,0.0
Kent Brockman,3,13,193.0
Kent Brockman,3,14,0.0
Kent Brockman,3,15,63.0
Kent Brockman,3,16,0.0
Kent Brockman,3,17,0.0
Kent Brockman,3,18,0.0
Kent Brockman,3,19,271.0
Kent Brockman,3,20,0.0
Kent Brockman,3,21,0.0
Kent Brockman,3,22,71.0
Kent Brockman,3,23,77.0
Kent Brockman,3,24,15.0
Kent Brockman,4,1,75.0
Kent Brockman,4,2,0.0
Kent Brockman,4,3,21.0
Kent Brockman,4,4,136.0
Kent Brockman,4,5,19.0
Kent Brockman,4,6,208.0
Kent Brockman,4,7,28.0
Kent Brockman,4,8,0.0
Kent Brockman,4,9,109.0
Kent Brockman,4,10,0.0
Kent Brockman,4,11,0.0
Kent Brockman,4,12,93.0
Kent Brockman,4,13,0.0
Kent Brockman,4,14,54.0
Kent Brockman,4,15,0.0
Kent Brockman,4,16,0.0
Kent Brockman,4,17,74.0
Kent Brockman,4,18,0.0
Kent Brockman,4,19,0.0
Kent Brockman,4,20,89.0
Kent Brockman,4,21,23.0
Kent Brockman,4,22,52.0
Kent Brockman,5,1,0.0
Kent Brockman,5,2,0.0
Kent Brockman,5,3,0.0
Kent Brockman,5,4,54.0
Kent Brockman,5,5,47.0
Kent Brockman,5,6,59.0
Kent Brockman,5,7,98.0
Kent Brockman,5,8,0.0
Kent Brockman,5,9,37.0
Kent Brockman,5,10,79.0
Kent Brockman,5,11,170.0
Kent Brockman,5,12,86.0
Kent Brockman,5,13,183.0
Kent Brockman,5,14,87.0
Kent Brockman,5,15,196.0
Kent Brockman,5,16,86.0
Kent Brockman,5,17,21.0
Kent Brockman,5,18,0.0
Kent Brockman,5,19,0.0
Kent Brockman,5,20,75.0
Kent Brockman,5,21,0.0
Kent Brockman,5,22,0.0
Kent Brockman,6,1,0.0
Kent Brockman,6,2,0.0
Kent Brockman,6,3,0.0
Kent Brockman,6,4,0.0
Kent Brockman,6,5,58.0
Kent Brockman,6,6,26.0
Kent Brockman,6,7,0.0
Kent Brockman,6,8,56.0
Kent Brockman,6,9,152.0
Kent Brockman,6,10,0.0
Kent Brockman,6,11,0.0
Kent Brockman,6,12,0.0
Kent Brockman,6,13,0.0
Kent Brockman,6,14,120.0
Kent Brockman,6,15,0.0
Kent Brockman,6,16,0.0
Kent Brockman,6,17,0.0
Kent Brockman,6,18,50.0
Kent Brockman,6,19,24.0
Kent Brockman,6,20,73.0
Kent Brockman,6,21,0.0
Kent Brockman,6,22,38.0
Kent Brockman,6,23,0.0
Kent Brockman,6,24,0.0
Kent Brockman,6,25,0.0
Kent Brockman,7,1,131.0
Kent Brockman,7,2,18.0
Kent Brockman,7,3,0.0
Kent Brockman,7,4,0.0
Kent Brockman,7,5,0.0
Kent Brockman,7,6,85.0
Kent Brockman,7,7,0.0
Kent Brockman,7,8,33.0
Kent Brockman,7,9,66.0
Kent Brockman,7,10,0.0
Kent Brockman,7,11,0.0
Kent Brockman,7,12,12.0
Kent Brockman,7,13,0.0
Kent Brockman,7,14,0.0
Kent Brockman,7,15,107.0
Kent Brockman,7,16,0.0
Kent Brockman,7,17,0.0
Kent Brockman,7,18,43.0
Kent Brockman,7,19,0.0
Kent Brockman,7,20,0.0
Kent Brockman,7,21,0.0
Kent Brockman,7,22,0.0
Kent Brockman,7,23,55.0
Kent Brockman,7,24,0.0
Kent Brockman,7,25,0.0
Kent Brockman,8,1,52.0
Kent Brockman,8,2,0.0
Kent Brockman,8,3,6.0
Kent Brockman,8,4,114.0
Kent Brockman,8,5,76.0
Kent Brockman,8,6,0.0
Kent Brockman,8,7,0.0
Kent Brockman,8,8,106.0
Kent Brockman,8,9,8.0
Kent Brockman,8,10,67.0
Kent Brockman,8,11,0.0
Kent Brockman,8,12,0.0
Kent Brockman,8,13,0.0
Kent Brockman,8,14,81.0
Kent Brockman,8,15,0.0
Kent Brockman,8,16,0.0
Kent Brockman,8,17,100.0
Kent Brockman,8,18,185.0
Kent Brockman,8,19,45.0
Kent Brockman,8,20,31.0
Kent Brockman,8,21,69.0
Kent Brockman,8,22,0.0
Kent Brockman,8,23,137.0
Kent Brockman,8,24,0.0
Kent Brockman,8,25,0.0
Kent Brockman,9,1,0.0
Kent Brockman,9,2,27.0
Kent Brockman,9,3,32.0
Kent Brockman,9,4,55.0
Kent Brockman,9,5,54.0
Kent Brockman,9,6,51.0
Kent Brockman,9,7,46.0
Kent Brockman,9,8,81.0
Kent Brockman,9,9,0.0
Kent Brockman,9,10,189.0
Kent Brockman,9,11,0.0
Kent Brockman,9,12,0.0
Kent Brockman,9,13,122.0
Kent Brockman,9,14,27.0
Kent Brockman,9,15,46.0
Kent Brockman,9,16,0.0
Kent Brockman,9,17,33.0
Kent Brockman,9,18,13.0
Kent Brockman,9,19,32.0
Kent Brockman,9,20,89.0
Kent Brockman,9,21,148.0
Kent Brockman,9,22,0.0
Kent Brockman,9,23,0.0
Kent Brockman,9,24,0.0
Kent Brockman,9,25,0.0
Kent Brockman,10,1,0.0
Kent Brockman,10,2,75.0
Kent Brockman,10,3,54.0
Kent Brockman,10,4,45.0
Kent Brockman,10,5,0.0
Kent Brockman,10,6,45.0
Kent Brockman,10,7,0.0
Kent Brockman,10,8,0.0
Kent Brockman,10,9,31.0
Kent Brockman,10,10,50.0
Kent Brockman,10,11,92.0
Kent Brockman,10,12,0.0
Kent Brockman,10,13,0.0
Kent Brockman,10,14,43.0
Kent Brockman,10,15,36.0
Kent Brockman,10,16,0.0
Kent Brockman,10,17,0.0
Kent Brockman,10,18,0.0
Kent Brockman,10,19,0.0
Kent Brockman,10,20,66.0
Kent Brockman,10,21,86.0
Kent Brockman,10,22,59.0
Kent Brockman,10,23,0.0
Kent Brockman,11,1,0.0
Kent Brockman,11,2,0.0
Kent Brockman,11,3,0.0
Kent Brockman,11,4,0.0
Kent Brockman,11,5,0.0
Kent Brockman,11,6,119.0
Kent Brockman,11,7,49.0
Kent Brockman,11,8,0.0
Kent Brockman,11,9,75.0
Kent Brockman,11,10,0.0
Kent Brockman,11,11,45.0
Kent Brockman,11,12,134.0
Kent Brockman,11,13,0.0
Kent Brockman,11,14,0.0
Kent Brockman,11,15,0.0
Kent Brockman,11,16,0.0
Kent Brockman,11,17,65.0
Kent Brockman,11,18,63.0
Kent Brockman,11,19,0.0
Kent Brockman,11,20,0.0
Kent Brockman,11,21,35.0
Kent Brockman,11,22,0.0
Kent Brockman,12,1,43.0
Kent Brockman,12,2,127.0
Kent Brockman,12,3,26.0
Kent Brockman,12,4,128.0
Kent Brockman,12,5,82.0
Kent Brockman,12,6,67.0
Kent Brockman,12,7,29.0
Kent Brockman,12,8,19.0
Kent Brockman,12,9,32.0
Kent Brockman,12,10,0.0
Kent Brockman,12,11,0.0
Kent Brockman,12,12,24.0
Kent Brockman,12,13,82.0
Kent Brockman,12,14,100.0
Kent Brockman,12,15,23.0
Kent Brockman,12,16,38.0
Kent Brockman,12,17,26.0
Kent Brockman,12,18,0.0
Kent Brockman,12,19,28.0
Kent Brockman,12,20,50.0
Kent Brockman,12,21,0.0
Kent Brockman,13,1,0.0
Kent Brockman,13,2,23.0
Kent Brockman,13,3,0.0
Kent Brockman,13,4,110.0
Kent Brockman,13,5,0.0
Kent Brockman,13,6,0.0
Kent Brockman,13,7,0.0
Kent Brockman,13,8,63.0
Kent Brockman,13,9,0.0
Kent Brockman,13,10,28.0
Kent Brockman,13,11,0.0
Kent Brockman,13,12,58.0
Kent Brockman,13,13,0.0
Kent Brockman,13,14,0.0
Kent Brockman,13,15,0.0
Kent Brockman,13,16,29.0
Kent Brockman,13,17,0.0
Kent Brockman,13,18,0.0
Kent Brockman,13,19,0.0
Kent Brockman,13,20,0.0
Kent Brockman,13,21,32.0
Kent Brockman,13,22,56.0
Kent Brockman,14,1,26.0
Kent Brockman,14,2,0.0
Kent Brockman,14,3,0.0
Kent Brockman,14,4,41.0
Kent Brockman,14,5,0.0
Kent Brockman,14,6,45.0
Kent Brockman,14,7,0.0
Kent Brockman,14,8,50.0
Kent Brockman,14,9,28.0
Kent Brockman,14,10,47.0
Kent Brockman,14,11,0.0
Kent Brockman,14,12,82.0
Kent Brockman,14,13,0.0
Kent Brockman,14,14,65.0
Kent Brockman,14,15,0.0
Kent Brockman,14,16,65.0
Kent Brockman,14,17,0.0
Kent Brockman,14,18,0.0
Kent Brockman,14,19,44.0
Kent Brockman,14,20,0.0
Kent Brockman,14,21,0.0
Kent Brockman,14,22,25.0
Kent Brockman,15,1,0.0
Kent Brockman,15,2,142.0
Kent Brockman,15,3,100.0
Kent Brockman,15,4,0.0
Kent Brockman,15,5,58.0
Kent Brockman,15,6,0.0
Kent Brockman,15,7,33.0
Kent Brockman,15,8,172.0
Kent Brockman,15,9,0.0
Kent Brockman,15,10,0.0
Kent Brockman,15,11,0.0
Kent Brockman,15,12,0.0
Kent Brockman,15,13,0.0
Kent Brockman,15,14,88.0
Kent Brockman,15,15,41.0
Kent Brockman,15,16,66.0
Kent Brockman,15,17,0.0
Kent Brockman,15,18,40.0
Kent Brockman,15,19,79.0
Kent Brockman,15,20,0.0
Kent Brockman,15,21,0.0
Kent Brockman,15,22,176.0
Kent Brockman,16,1,0.0
Kent Brockman,16,2,42.0
Kent Brockman,16,3,0.0
Kent Brockman,16,4,140.0
Kent Brockman,16,5,0.0
Kent Brockman,16,6,53.0
Kent Brockman,16,7,11.0
Kent Brockman,16,8,19.0
Kent Brockman,16,9,60.0
Kent Brockman,16,10,60.0
Kent Brockman,16,11,0.0
Kent Brockman,16,12,0.0
Kent Brockman,16,13,0.0
Kent Brockman,16,14,66.0
Kent Brockman,16,15,0.0
Kent Brockman,16,16,32.0
Kent Brockman,16,17,15.0
Kent Brockman,16,18,0.0
Kent Brockman,16,19,95.0
Kent Brockman,16,20,0.0
Kent Brockman,16,21,0.0
Kent Brockman,17,1,0.0
Kent Brockman,17,2,37.0
Kent Brockman,17,3,0.0
Kent Brockman,17,4,0.0
Kent Brockman,17,5,0.0
Kent Brockman,17,6,201.0
Kent Brockman,17,7,0.0
Kent Brockman,17,8,0.0
Kent Brockman,17,9,0.0
Kent Brockman,17,10,85.0
Kent Brockman,17,11,0.0
Kent Brockman,17,12,0.0
Kent Brockman,17,13,0.0
Kent Brockman,17,14,88.0
Kent Brockman,17,15,0.0
Kent Brockman,17,16,62.0
Kent Brockman,17,17,0.0
Kent Brockman,17,18,0.0
Kent Brockman,17,19,0.0
Kent Brockman,17,20,31.0
Kent Brockman,17,21,66.0
Kent Brockman,17,22,81.0
Kent Brockman,18,1,0.0
Kent Brockman,18,2,0.0
Kent Brockman,18,3,37.0
Kent Brockman,18,4,21.0
Kent Brockman,18,5,0.0
Kent Brockman,18,6,0.0
Kent Brockman,18,7,146.0
Kent Brockman,18,8,0.0
Kent Brockman,18,9,0.0
Kent Brockman,18,10,0.0
Kent Brockman,18,11,0.0
Kent Brockman,18,12,0.0
Kent Brockman,18,13,0.0
Kent Brockman,18,14,0.0
Kent Brockman,18,15,0.0
Kent Brockman,18,16,0.0
Kent Brockman,18,17,0.0
Kent Brockman,18,18,0.0
Kent Brockman,18,19,46.0
Kent Brockman,18,20,0.0
Kent Brockman,18,21,0.0
Kent Brockman,18,22,417.0
Kent Brockman,19,1,0.0
Kent Brockman,19,2,0.0
Kent Brockman,19,3,0.0
Kent Brockman,19,4,55.0
Kent Brockman,19,5,0.0
Kent Brockman,19,6,0.0
Kent Brockman,19,7,0.0
Kent Brockman,19,8,93.0
Kent Brockman,19,9,0.0
Kent Brockman,19,10,149.0
Kent Brockman,19,11,0.0
Kent Brockman,19,12,0.0
Kent Brockman,19,13,0.0
Kent Brockman,19,14,38.0
Kent Brockman,19,15,17.0
Kent Brockman,19,16,103.0
Kent Brockman,19,17,0.0
Kent Brockman,19,18,0.0
Kent Brockman,19,19,0.0
Kent Brockman,19,20,0.0
Kent Brockman,20,1,0.0
Kent Brockman,20,2,0.0
Kent Brockman,20,3,0.0
Kent Brockman,20,5,0.0
Kent Brockman,20,6,0.0
Kent Brockman,20,7,0.0
Kent Brockman,20,8,9.0
Kent Brockman,20,9,0.0
Kent Brockman,20,10,0.0
Kent Brockman,20,11,0.0
Kent Brockman,20,12,63.0
Kent Brockman,20,13,88.0
Kent Brockman,20,14,0.0
Kent Brockman,20,15,49.0
Kent Brockman,20,16,0.0
Kent Brockman,20,17,0.0
Kent Brockman,20,18,0.0
Kent Brockman,20,19,0.0
Kent Brockman,20,20,0.0
Kent Brockman,21,1,0.0
Kent Brockman,21,2,0.0
Kent Brockman,21,3,0.0
Kent Brockman,21,4,47.0
Kent Brockman,21,5,0.0
Kent Brockman,21,7,64.0
Kent Brockman,21,8,0.0
Kent Brockman,21,9,0.0
Kent Brockman,21,10,44.0
Kent Brockman,21,11,35.0
Kent Brockman,21,12,0.0
Kent Brockman,21,13,0.0
Kent Brockman,21,14,0.0
Kent Brockman,21,15,0.0
Kent Brockman,21,16,0.0
Kent Brockman,21,17,0.0
Kent Brockman,21,18,0.0
Kent Brockman,21,19,9.0
Kent Brockman,21,20,55.0
Kent Brockman,21,21,0.0
Kent Brockman,21,22,0.0
Kent Brockman,21,23,0.0
Kent Brockman,22,1,47.0
Kent Brockman,22,2,0.0
Kent Brockman,22,3,0.0
Kent Brockman,22,4,0.0
Kent Brockman,22,5,0.0
Kent Brockman,22,6,110.0
Kent Brockman,22,7,0.0
Kent Brockman,22,8,0.0
Kent Brockman,22,9,0.0
Kent Brockman,22,10,0.0
Kent Brockman,22,11,0.0
Kent Brockman,22,12,29.0
Kent Brockman,22,13,0.0
Kent Brockman,22,14,0.0
Kent Brockman,22,15,0.0
Kent Brockman,22,16,137.0
Kent Brockman,22,17,55.0
Kent Brockman,22,18,0.0
Kent Brockman,22,19,0.0
Kent Brockman,22,20,0.0
Kent Brockman,22,21,0.0
Kent Brockman,22,22,0.0
Kent Brockman,23,1,45.0
Kent Brockman,23,2,23.0
Kent Brockman,23,3,0.0
Kent Brockman,23,4,69.0
Kent Brockman,23,5,0.0
Kent Brockman,23,6,0.0
Kent Brockman,23,7,0.0
Kent Brockman,23,8,0.0
Kent Brockman,23,9,0.0
Kent Brockman,23,10,50.0
Kent Brockman,23,11,0.0
Kent Brockman,23,12,0.0
Kent Brockman,23,13,0.0
Kent Brockman,23,14,115.0
Kent Brockman,23,15,31.0
Kent Brockman,23,16,0.0
Kent Brockman,23,17,0.0
Kent Brockman,23,18,0.0
Kent Brockman,23,19,0.0
Kent Brockman,23,20,26.0
Kent Brockman,23,21,19.0
Kent Brockman,23,22,47.0
Kent Brockman,24,1,39.0
Kent Brockman,24,2,0.0
Kent Brockman,24,3,21.0
Kent Brockman,24,4,0.0
Kent Brockman,24,5,0.0
Kent Brockman,24,6,201.0
Kent Brockman,24,7,0.0
Kent Brockman,24,8,70.0
Kent Brockman,24,9,32.0
Kent Brockman,24,10,121.0
Kent Brockman,24,11,25.0
Kent Brockman,24,12,0.0
Kent Brockman,24,13,0.0
Kent Brockman,24,14,0.0
Kent Brockman,24,15,0.0
Kent Brockman,24,16,24.0
Kent Brockman,24,17,0.0
Kent Brockman,24,18,11.0
Kent Brockman,24,19,0.0
Kent Brockman,24,20,0.0
Kent Brockman,24,21,10.0
Kent Brockman,24,22,0.0
Kent Brockman,25,1,0.0
Kent Brockman,25,2,0.0
Kent Brockman,25,3,275.0
Kent Brockman,25,4,99.0
Kent Brockman,25,5,0.0
Kent Brockman,25,6,0.0
Kent Brockman,25,7,0.0
Kent Brockman,25,8,52.0
Kent Brockman,25,9,0.0
Kent Brockman,25,10,0.0
Kent Brockman,25,11,0.0
Kent Brockman,25,12,0.0
Kent Brockman,25,13,0.0
Kent Brockman,25,14,0.0
Kent Brockman,25,15,18.0
Kent Brockman,25,16,0.0
Kent Brockman,25,17,65.0
Kent Brockman,25,18,0.0
Kent Brockman,25,19,0.0
Kent Brockman,25,21,0.0
Kent Brockman,25,22,0.0
Kent Brockman,26,1,82.0
Kent Brockman,26,2,0.0
Kent Brockman,26,3,0.0
Kent Brockman,26,4,0.0
Kent Brockman,26,5,23.0
Kent Brockman,26,6,33.0
Kent Brockman,26,7,0.0
Kent Brockman,26,8,80.0
Kent Brockman,26,9,0.0
Kent Brockman,26,10,0.0
Kent Brockman,26,11,0.0
Kent Brockman,26,12,65.0
Kent Brockman,26,13,0.0
Kent Brockman,26,14,0.0
Kent Brockman,26,15,0.0
Kent Brockman,26,16,0.0
Krusty the Clown,1,1,0.0
Krusty the Clown,1,2,0.0
Krusty the Clown,1,3,0.0
Krusty the Clown,1,4,0.0
Krusty the Clown,1,5,0.0
Krusty the Clown,1,6,0.0
Krusty the Clown,1,7,0.0
Krusty the Clown,1,8,70.0
Krusty the Clown,1,9,0.0
Krusty the Clown,1,10,0.0
Krusty the Clown,1,11,0.0
Krusty the Clown,1,12,304.0
Krusty the Clown,1,13,0.0
Krusty the Clown,2,1,0.0
Krusty the Clown,2,2,0.0
Krusty the Clown,2,3,0.0
Krusty the Clown,2,4,0.0
Krusty the Clown,2,5,0.0
Krusty the Clown,2,6,0.0
Krusty the Clown,2,7,0.0
Krusty the Clown,2,8,0.0
Krusty the Clown,2,9,94.0
Krusty the Clown,2,10,0.0
Krusty the Clown,2,11,0.0
Krusty the Clown,2,12,0.0
Krusty the Clown,2,13,0.0
Krusty the Clown,2,14,0.0
Krusty the Clown,2,15,0.0
Krusty the Clown,2,16,22.0
Krusty the Clown,2,17,0.0
Krusty the Clown,2,18,151.0
Krusty the Clown,2,19,0.0
Krusty the Clown,2,20,0.0
Krusty the Clown,2,21,0.0
Krusty the Clown,2,22,0.0
Krusty the Clown,3,1,56.0
Krusty the Clown,3,2,0.0
Krusty the Clown,3,3,0.0
Krusty the Clown,3,4,0.0
Krusty the Clown,3,5,0.0
Krusty the Clown,3,6,717.0
Krusty the Clown,3,7,49.0
Krusty the Clown,3,8,0.0
Krusty the Clown,3,9,0.0
Krusty the Clown,3,10,7.0
Krusty the Clown,3,11,0.0
Krusty the Clown,3,12,0.0
Krusty the Clown,3,13,115.0
Krusty the Clown,3,14,24.0
Krusty the Clown,3,15,15.0
Krusty the Clown,3,16,0.0
Krusty the Clown,3,17,0.0
Krusty the Clown,3,18,0.0
Krusty the Clown,3,19,25.0
Krusty the Clown,3,20,20.0
Krusty the Clown,3,21,189.0
Krusty the Clown,3,22,0.0
Krusty the Clown,3,23,0.0
Krusty the Clown,3,24,0.0
Krusty the Clown,4,1,272.0
Krusty the Clown,4,2,0.0
Krusty the Clown,4,3,54.0
Krusty the Clown,4,4,188.0
Krusty the Clown,4,5,30.0
Krusty the Clown,4,6,0.0
Krusty the Clown,4,7,26.0
Krusty the Clown,4,8,0.0
Krusty the Clown,4,9,13.0
Krusty the Clown,4,10,121.0
Krusty the Clown,4,11,56.0
Krusty the Clown,4,12,5.0
Krusty the Clown,4,13,0.0
Krusty the Clown,4,14,79.0
Krusty the Clown,4,15,237.0
Krusty the Clown,4,16,0.0
Krusty the Clown,4,17,0.0
Krusty the Clown,4,18,0.0
Krusty the Clown,4,19,129.0
Krusty the Clown,4,20,0.0
Krusty the Clown,4,21,0.0
Krusty the Clown,4,22,655.0
Krusty the Clown,5,1,0.0
Krusty the Clown,5,2,0.0
Krusty the Clown,5,3,13.0
Krusty the Clown,5,4,0.0
Krusty the Clown,5,5,0.0
Krusty the Clown,5,6,0.0
Krusty the Clown,5,7,51.0
Krusty the Clown,5,8,16.0
Krusty the Clown,5,9,0.0
Krusty the Clown,5,10,60.0
Krusty the Clown,5,11,0.0
Krusty the Clown,5,12,414.0
Krusty the Clown,5,13,0.0
Krusty the Clown,5,14,22.0
Krusty the Clown,5,15,0.0
Krusty the Clown,5,16,0.0
Krusty the Clown,5,17,0.0
Krusty the Clown,5,18,56.0
Krusty the Clown,5,19,0.0
Krusty the Clown,5,20,0.0
Krusty the Clown,5,21,3.0
Krusty the Clown,5,22,0.0
Krusty the Clown,6,1,66.0
Krusty the Clown,6,2,0.0
Krusty the Clown,6,3,37.0
Krusty the Clown,6,4,37.0
Krusty the Clown,6,5,16.0
Krusty the Clown,6,6,0.0
Krusty the Clown,6,7,0.0
Krusty the Clown,6,8,19.0
Krusty the Clown,6,9,0.0
Krusty the Clown,6,10,0.0
Krusty the Clown,6,11,0.0
Krusty the Clown,6,12,0.0
Krusty the Clown,6,13,0.0
Krusty the Clown,6,14,34.0
Krusty the Clown,6,15,564.0
Krusty the Clown,6,16,0.0
Krusty the Clown,6,17,0.0
Krusty the Clown,6,18,57.0
Krusty the Clown,6,19,0.0
Krusty the Clown,6,20,0.0
Krusty the Clown,6,21,0.0
Krusty the Clown,6,22,128.0
Krusty the Clown,6,23,0.0
Krusty the Clown,6,24,0.0
Krusty the Clown,6,25,15.0
Krusty the Clown,7,1,38.0
Krusty the Clown,7,2,40.0
Krusty the Clown,7,3,0.0
Krusty the Clown,7,4,11.0
Krusty the Clown,7,5,0.0
Krusty the Clown,7,6,57.0
Krusty the Clown,7,7,0.0
Krusty the Clown,7,8,0.0
Krusty the Clown,7,9,330.0
Krusty the Clown,7,10,82.0
Krusty the Clown,7,11,36.0
Krusty the Clown,7,12,6.0
Krusty the Clown,7,13,0.0
Krusty the Clown,7,14,8.0
Krusty the Clown,7,15,573.0
Krusty the Clown,7,16,0.0
Krusty the Clown,7,17,0.0
Krusty the Clown,7,18,76.0
Krusty the Clown,7,19,0.0
Krusty the Clown,7,20,0.0
Krusty the Clown,7,21,0.0
Krusty the Clown,7,22,0.0
Krusty the Clown,7,23,0.0
Krusty the Clown,7,24,0.0
Krusty the Clown,7,25,0.0
Krusty the Clown,8,1,0.0
Krusty the Clown,8,2,2.0
Krusty the Clown,8,3,9.0
Krusty the Clown,8,4,0.0
Krusty the Clown,8,5,0.0
Krusty the Clown,8,6,0.0
Krusty the Clown,8,7,0.0
Krusty the Clown,8,8,7.0
Krusty the Clown,8,9,5.0
Krusty the Clown,8,10,0.0
Krusty the Clown,8,11,0.0
Krusty the Clown,8,12,0.0
Krusty the Clown,8,13,114.0
Krusty the Clown,8,14,318.0
Krusty the Clown,8,15,0.0
Krusty the Clown,8,16,149.0
Krusty the Clown,8,17,51.0
Krusty the Clown,8,18,8.0
Krusty the Clown,8,19,13.0
Krusty the Clown,8,20,0.0
Krusty the Clown,8,21,9.0
Krusty the Clown,8,22,0.0
Krusty the Clown,8,23,0.0
Krusty the Clown,8,24,0.0
Krusty the Clown,8,25,0.0
Krusty the Clown,9,1,0.0
Krusty the Clown,9,2,0.0
Krusty the Clown,9,3,43.0
Krusty the Clown,9,4,0.0
Krusty the Clown,9,5,30.0
Krusty the Clown,9,6,5.0
Krusty the Clown,9,7,121.0
Krusty the Clown,9,8,0.0
Krusty the Clown,9,9,0.0
Krusty the Clown,9,10,25.0
Krusty the Clown,9,11,0.0
Krusty the Clown,9,12,19.0
Krusty the Clown,9,13,0.0
Krusty the Clown,9,14,0.0
Krusty the Clown,9,15,985.0
Krusty the Clown,9,16,0.0
Krusty the Clown,9,17,0.0
Krusty the Clown,9,18,4.0
Krusty the Clown,9,19,0.0
Krusty the Clown,9,20,5.0
Krusty the Clown,9,21,96.0
Krusty the Clown,9,22,0.0
Krusty the Clown,9,23,0.0
Krusty the Clown,9,24,0.0
Krusty the Clown,9,25,0.0
Krusty the Clown,10,1,19.0
Krusty the Clown,10,2,0.0
Krusty the Clown,10,3,0.0
Krusty the Clown,10,4,25.0
Krusty the Clown,10,5,6.0
Krusty the Clown,10,6,1.0
Krusty the Clown,10,7,0.0
Krusty the Clown,10,8,59.0
Krusty the Clown,10,9,0.0
Krusty the Clown,10,10,0.0
Krusty the Clown,10,11,14.0
Krusty the Clown,10,12,49.0
Krusty the Clown,10,13,48.0
Krusty the Clown,10,14,0.0
Krusty the Clown,10,15,8.0
Krusty the Clown,10,16,28.0
Krusty the Clown,10,17,0.0
Krusty the Clown,10,18,43.0
Krusty the Clown,10,19,0.0
Krusty the Clown,10,20,0.0
Krusty the Clown,10,21,0.0
Krusty the Clown,10,22,11.0
Krusty the Clown,10,23,0.0
Krusty the Clown,11,1,8.0
Krusty the Clown,11,2,70.0
Krusty the Clown,11,3,74.0
Krusty the Clown,11,4,19.0
Krusty the Clown,11,5,0.0
Krusty the Clown,11,6,51.0
Krusty the Clown,11,7,0.0
Krusty the Clown,11,8,0.0
Krusty the Clown,11,9,54.0
Krusty the Clown,11,10,0.0
Krusty the Clown,11,11,24.0
Krusty the Clown,11,12,12.0
Krusty the Clown,11,13,0.0
Krusty the Clown,11,14,0.0
Krusty the Clown,11,15,0.0
Krusty the Clown,11,16,0.0
Krusty the Clown,11,17,33.0
Krusty the Clown,11,18,0.0
Krusty the Clown,11,19,0.0
Krusty the Clown,11,20,0.0
Krusty the Clown,11,21,50.0
Krusty the Clown,11,22,36.0
Krusty the Clown,12,1,0.0
Krusty the Clown,12,2,31.0
Krusty the Clown,12,3,802.0
Krusty the Clown,12,4,62.0
Krusty the Clown,12,5,0.0
Krusty the Clown,12,6,33.0
Krusty the Clown,12,7,0.0
Krusty the Clown,12,8,0.0
Krusty the Clown,12,9,0.0
Krusty the Clown,12,10,0.0
Krusty the Clown,12,11,0.0
Krusty the Clown,12,12,70.0
Krusty the Clown,12,13,590.0
Krusty the Clown,12,14,0.0
Krusty the Clown,12,15,0.0
Krusty the Clown,12,16,0.0
Krusty the Clown,12,17,0.0
Krusty the Clown,12,18,30.0
Krusty the Clown,12,19,16.0
Krusty the Clown,12,20,202.0
Krusty the Clown,12,21,0.0
Krusty the Clown,13,1,10.0
Krusty the Clown,13,2,0.0
Krusty the Clown,13,3,0.0
Krusty the Clown,13,4,0.0
Krusty the Clown,13,5,0.0
Krusty the Clown,13,6,0.0
Krusty the Clown,13,7,19.0
Krusty the Clown,13,8,22.0
Krusty the Clown,13,9,0.0
Krusty the Clown,13,10,0.0
Krusty the Clown,13,11,32.0
Krusty the Clown,13,12,156.0
Krusty the Clown,13,13,0.0
Krusty the Clown,13,14,107.0
Krusty the Clown,13,15,0.0
Krusty the Clown,13,16,0.0
Krusty the Clown,13,17,136.0
Krusty the Clown,13,18,25.0
Krusty the Clown,13,19,5.0
Krusty the Clown,13,20,11.0
Krusty the Clown,13,21,0.0
Krusty the Clown,13,22,0.0
Krusty the Clown,14,1,0.0
Krusty the Clown,14,2,0.0
Krusty the Clown,14,3,0.0
Krusty the Clown,14,4,126.0
Krusty the Clown,14,5,0.0
Krusty the Clown,14,6,5.0
Krusty the Clown,14,7,0.0
Krusty the Clown,14,8,71.0
Krusty the Clown,14,9,0.0
Krusty the Clown,14,10,16.0
Krusty the Clown,14,11,0.0
Krusty the Clown,14,12,100.0
Krusty the Clown,14,13,0.0
Krusty the Clown,14,14,657.0
Krusty the Clown,14,15,0.0
Krusty the Clown,14,16,35.0
Krusty the Clown,14,17,0.0
Krusty the Clown,14,18,10.0
Krusty the Clown,14,19,18.0
Krusty the Clown,14,20,0.0
Krusty the Clown,14,21,0.0
Krusty the Clown,14,22,14.0
Krusty the Clown,15,1,0.0
Krusty the Clown,15,2,0.0
Krusty the Clown,15,3,0.0
Krusty the Clown,15,4,16.0
Krusty the Clown,15,5,0.0
Krusty the Clown,15,6,652.0
Krusty the Clown,15,7,79.0
Krusty the Clown,15,8,0.0
Krusty the Clown,15,9,0.0
Krusty the Clown,15,10,0.0
Krusty the Clown,15,11,0.0
Krusty the Clown,15,12,0.0
Krusty the Clown,15,13,0.0
Krusty the Clown,15,14,4.0
Krusty the Clown,15,15,8.0
Krusty the Clown,15,16,27.0
Krusty the Clown,15,17,0.0
Krusty the Clown,15,18,6.0
Krusty the Clown,15,19,19.0
Krusty the Clown,15,20,0.0
Krusty the Clown,15,21,17.0
Krusty the Clown,15,22,30.0
Krusty the Clown,16,1,0.0
Krusty the Clown,16,2,0.0
Krusty the Clown,16,3,0.0
Krusty the Clown,16,4,12.0
Krusty the Clown,16,5,50.0
Krusty the Clown,16,6,32.0
Krusty the Clown,16,7,4.0
Krusty the Clown,16,8,0.0
Krusty the Clown,16,9,0.0
Krusty the Clown,16,10,55.0
Krusty the Clown,16,11,0.0
Krusty the Clown,16,12,0.0
Krusty the Clown,16,13,23.0
Krusty the Clown,16,14,0.0
Krusty the Clown,16,15,15.0
Krusty the Clown,16,16,21.0
Krusty the Clown,16,17,70.0
Krusty the Clown,16,18,327.0
Krusty the Clown,16,19,56.0
Krusty the Clown,16,20,0.0
Krusty the Clown,16,21,0.0
Krusty the Clown,17,1,0.0
Krusty the Clown,17,2,0.0
Krusty the Clown,17,3,38.0
Krusty the Clown,17,4,8.0
Krusty the Clown,17,5,37.0
Krusty the Clown,17,6,0.0
Krusty the Clown,17,7,7.0
Krusty the Clown,17,8,175.0
Krusty the Clown,17,9,46.0
Krusty the Clown,17,10,0.0
Krusty the Clown,17,11,0.0
Krusty the Clown,17,12,92.0
Krusty the Clown,17,13,0.0
Krusty the Clown,17,14,33.0
Krusty the Clown,17,15,0.0
Krusty the Clown,17,16,0.0
Krusty the Clown,17,17,0.0
Krusty the Clown,17,18,14.0
Krusty the Clown,17,19,0.0
Krusty the Clown,17,20,0.0
Krusty the Clown,17,21,0.0
Krusty the Clown,17,22,0.0
Krusty the Clown,18,1,52.0
Krusty the Clown,18,2,95.0
Krusty the Clown,18,3,30.0
Krusty the Clown,18,4,156.0
Krusty the Clown,18,5,36.0
Krusty the Clown,18,6,0.0
Krusty the Clown,18,7,42.0
Krusty the Clown,18,8,0.0
Krusty the Clown,18,9,77.0
Krusty the Clown,18,10,0.0
Krusty the Clown,18,11,6.0
Krusty the Clown,18,12,19.0
Krusty the Clown,18,13,22.0
Krusty the Clown,18,14,279.0
Krusty the Clown,18,15,0.0
Krusty the Clown,18,16,31.0
Krusty the Clown,18,17,48.0
Krusty the Clown,18,18,7.0
Krusty the Clown,18,19,0.0
Krusty the Clown,18,20,0.0
Krusty the Clown,18,21,0.0
Krusty the Clown,18,22,78.0
Krusty the Clown,19,1,0.0
Krusty the Clown,19,2,0.0
Krusty the Clown,19,3,9.0
Krusty the Clown,19,4,124.0
Krusty the Clown,19,5,8.0
Krusty the Clown,19,6,0.0
Krusty the Clown,19,7,17.0
Krusty the Clown,19,8,99.0
Krusty the Clown,19,9,69.0
Krusty the Clown,19,10,82.0
Krusty the Clown,19,11,7.0
Krusty the Clown,19,12,0.0
Krusty the Clown,19,13,0.0
Krusty the Clown,19,14,0.0
Krusty the Clown,19,15,0.0
Krusty the Clown,19,16,28.0
Krusty the Clown,19,17,30.0
Krusty the Clown,19,18,0.0
Krusty the Clown,19,19,0.0
Krusty the Clown,19,20,671.0
Krusty the Clown,20,1,0.0
Krusty the Clown,20,2,31.0
Krusty the Clown,20,3,9.0
Krusty the Clown,20,5,0.0
Krusty the Clown,20,6,0.0
Krusty the Clown,20,7,63.0
Krusty the Clown,20,8,0.0
Krusty the Clown,20,9,0.0
Krusty the Clown,20,10,0.0
Krusty the Clown,20,11,0.0
Krusty the Clown,20,12,0.0
Krusty the Clown,20,13,0.0
Krusty the Clown,20,14,8.0
Krusty the Clown,20,15,86.0
Krusty the Clown,20,16,0.0
Krusty the Clown,20,17,0.0
Krusty the Clown,20,18,0.0
Krusty the Clown,20,19,1.0
Krusty the Clown,20,20,0.0
Krusty the Clown,21,1,73.0
Krusty the Clown,21,2,0.0
Krusty the Clown,21,3,36.0
Krusty the Clown,21,4,37.0
Krusty the Clown,21,5,0.0
Krusty the Clown,21,7,17.0
Krusty the Clown,21,8,0.0
Krusty the Clown,21,9,0.0
Krusty the Clown,21,10,506.0
Krusty the Clown,21,11,6.0
Krusty the Clown,21,12,0.0
Krusty the Clown,21,13,0.0
Krusty the Clown,21,14,0.0
Krusty the Clown,21,15,0.0
Krusty the Clown,21,16,41.0
Krusty the Clown,21,17,0.0
Krusty the Clown,21,18,12.0
Krusty the Clown,21,19,0.0
Krusty the Clown,21,20,32.0
Krusty the Clown,21,21,79.0
Krusty the Clown,21,22,0.0
Krusty the Clown,21,23,46.0
Krusty the Clown,22,1,386.0
Krusty the Clown,22,2,13.0
Krusty the Clown,22,3,0.0
Krusty the Clown,22,4,0.0
Krusty the Clown,22,5,59.0
Krusty the Clown,22,6,29.0
Krusty the Clown,22,7,0.0
Krusty the Clown,22,8,0.0
Krusty the Clown,22,9,15.0
Krusty the Clown,22,10,0.0
Krusty the Clown,22,11,0.0
Krusty the Clown,22,12,0.0
Krusty the Clown,22,13,0.0
Krusty the Clown,22,14,0.0
Krusty the Clown,22,15,0.0
Krusty the Clown,22,16,48.0
Krusty the Clown,22,17,0.0
Krusty the Clown,22,18,0.0
Krusty the Clown,22,19,7.0
Krusty the Clown,22,20,0.0
Krusty the Clown,22,21,0.0
Krusty the Clown,22,22,0.0
Krusty the Clown,23,1,0.0
Krusty the Clown,23,2,0.0
Krusty the Clown,23,3,36.0
Krusty the Clown,23,4,0.0
Krusty the Clown,23,5,31.0
Krusty the Clown,23,6,0.0
Krusty the Clown,23,7,140.0
Krusty the Clown,23,8,892.0
Krusty the Clown,23,9,31.0
Krusty the Clown,23,10,0.0
Krusty the Clown,23,11,0.0
Krusty the Clown,23,12,0.0
Krusty the Clown,23,13,0.0
Krusty the Clown,23,14,5.0
Krusty the Clown,23,15,0.0
Krusty the Clown,23,16,0.0
Krusty the Clown,23,17,0.0
Krusty the Clown,23,18,0.0
Krusty the Clown,23,19,0.0
Krusty the Clown,23,20,93.0
Krusty the Clown,23,21,2.0
Krusty the Clown,23,22,0.0
Krusty the Clown,24,1,0.0
Krusty the Clown,24,2,0.0
Krusty the Clown,24,3,0.0
Krusty the Clown,24,4,11.0
Krusty the Clown,24,5,0.0
Krusty the Clown,24,6,15.0
Krusty the Clown,24,7,0.0
Krusty the Clown,24,8,40.0
Krusty the Clown,24,9,0.0
Krusty the Clown,24,10,24.0
Krusty the Clown,24,11,0.0
Krusty the Clown,24,12,0.0
Krusty the Clown,24,13,10.0
Krusty the Clown,24,14,0.0
Krusty the Clown,24,15,0.0
Krusty the Clown,24,16,15.0
Krusty the Clown,24,17,0.0
Krusty the Clown,24,18,55.0
Krusty the Clown,24,19,0.0
Krusty the Clown,24,20,25.0
Krusty the Clown,24,21,0.0
Krusty the Clown,24,22,0.0
Krusty the Clown,25,1,0.0
Krusty the Clown,25,2,24.0
Krusty the Clown,25,3,93.0
Krusty the Clown,25,4,0.0
Krusty the Clown,25,5,0.0
Krusty the Clown,25,6,24.0
Krusty the Clown,25,7,359.0
Krusty the Clown,25,8,17.0
Krusty the Clown,25,9,0.0
Krusty the Clown,25,10,5.0
Krusty the Clown,25,11,0.0
Krusty the Clown,25,12,15.0
Krusty the Clown,25,13,9.0
Krusty the Clown,25,14,0.0
Krusty the Clown,25,15,0.0
Krusty the Clown,25,16,17.0
Krusty the Clown,25,17,0.0
Krusty the Clown,25,18,17.0
Krusty the Clown,25,19,0.0
Krusty the Clown,25,21,0.0
Krusty the Clown,25,22,4.0
Krusty the Clown,26,1,723.0
Krusty the Clown,26,2,0.0
Krusty the Clown,26,3,44.0
Krusty the Clown,26,4,0.0
Krusty the Clown,26,5,0.0
Krusty the Clown,26,6,6.0
Krusty the Clown,26,7,0.0
Krusty the Clown,26,8,0.0
Krusty the Clown,26,9,0.0
Krusty the Clown,26,10,0.0
Krusty the Clown,26,11,5.0
Krusty the Clown,26,12,0.0
Krusty the Clown,26,13,0.0
Krusty the Clown,26,14,3.0
Krusty the Clown,26,15,0.0
Krusty the Clown,26,16,0.0
Lisa Simpson,1,1,222.0
Lisa Simpson,1,2,71.0
Lisa Simpson,1,3,54.0
Lisa Simpson,1,4,150.0
Lisa Simpson,1,5,224.0
Lisa Simpson,1,6,339.0
Lisa Simpson,1,7,68.0
Lisa Simpson,1,8,54.0
Lisa Simpson,1,9,202.0
Lisa Simpson,1,10,34.0
Lisa Simpson,1,11,117.0
Lisa Simpson,1,12,181.0
Lisa Simpson,1,13,155.0
Lisa Simpson,2,1,86.0
Lisa Simpson,2,2,22.0
Lisa Simpson,2,3,340.0
Lisa Simpson,2,4,143.0
Lisa Simpson,2,5,173.0
Lisa Simpson,2,6,329.0
Lisa Simpson,2,7,336.0
Lisa Simpson,2,8,133.0
Lisa Simpson,2,9,90.0
Lisa Simpson,2,10,35.0
Lisa Simpson,2,11,137.0
Lisa Simpson,2,12,66.0
Lisa Simpson,2,13,212.0
Lisa Simpson,2,14,45.0
Lisa Simpson,2,15,144.0
Lisa Simpson,2,16,327.0
Lisa Simpson,2,17,137.0
Lisa Simpson,2,18,145.0
Lisa Simpson,2,19,584.0
Lisa Simpson,2,20,135.0
Lisa Simpson,2,21,126.0
Lisa Simpson,2,22,112.0
Lisa Simpson,3,1,332.0
Lisa Simpson,3,2,454.0
Lisa Simpson,3,3,139.0
Lisa Simpson,3,4,44.0
Lisa Simpson,3,5,148.0
Lisa Simpson,3,6,212.0
Lisa Simpson,3,7,128.0
Lisa Simpson,3,8,302.0
Lisa Simpson,3,9,58.0
Lisa Simpson,3,10,64.0
Lisa Simpson,3,11,52.0
Lisa Simpson,3,12,64.0
Lisa Simpson,3,13,133.0
Lisa Simpson,3,14,691.0
Lisa Simpson,3,15,119.0
Lisa Simpson,3,16,148.0
Lisa Simpson,3,17,51.0
Lisa Simpson,3,18,274.0
Lisa Simpson,3,19,83.0
Lisa Simpson,3,20,57.0
Lisa Simpson,3,21,75.0
Lisa Simpson,3,22,29.0
Lisa Simpson,3,23,179.0
Lisa Simpson,3,24,159.0
Lisa Simpson,4,1,327.0
Lisa Simpson,4,2,61.0
Lisa Simpson,4,3,49.0
Lisa Simpson,4,4,340.0
Lisa Simpson,4,5,64.0
Lisa Simpson,4,6,143.0
Lisa Simpson,4,7,58.0
Lisa Simpson,4,8,73.0
Lisa Simpson,4,9,77.0
Lisa Simpson,4,10,88.0
Lisa Simpson,4,11,99.0
Lisa Simpson,4,12,56.0
Lisa Simpson,4,13,136.0
Lisa Simpson,4,14,51.0
Lisa Simpson,4,15,342.0
Lisa Simpson,4,16,173.0
Lisa Simpson,4,17,106.0
Lisa Simpson,4,18,123.0
Lisa Simpson,4,19,213.0
Lisa Simpson,4,20,144.0
Lisa Simpson,4,21,75.0
Lisa Simpson,4,22,118.0
Lisa Simpson,5,1,89.0
Lisa Simpson,5,2,111.0
Lisa Simpson,5,3,136.0
Lisa Simpson,5,4,77.0
Lisa Simpson,5,5,201.0
Lisa Simpson,5,6,61.0
Lisa Simpson,5,7,153.0
Lisa Simpson,5,8,29.0
Lisa Simpson,5,9,56.0
Lisa Simpson,5,10,210.0
Lisa Simpson,5,11,142.0
Lisa Simpson,5,12,150.0
Lisa Simpson,5,13,98.0
Lisa Simpson,5,14,614.0
Lisa Simpson,5,15,59.0
Lisa Simpson,5,16,122.0
Lisa Simpson,5,17,211.0
Lisa Simpson,5,18,75.0
Lisa Simpson,5,19,85.0
Lisa Simpson,5,20,148.0
Lisa Simpson,5,21,80.0
Lisa Simpson,5,22,156.0
Lisa Simpson,6,1,287.0
Lisa Simpson,6,2,533.0
Lisa Simpson,6,3,238.0
Lisa Simpson,6,4,187.0
Lisa Simpson,6,5,389.0
Lisa Simpson,6,6,95.0
Lisa Simpson,6,7,256.0
Lisa Simpson,6,8,329.0
Lisa Simpson,6,9,159.0
Lisa Simpson,6,10,137.0
Lisa Simpson,6,11,148.0
Lisa Simpson,6,12,129.0
Lisa Simpson,6,13,100.0
Lisa Simpson,6,14,101.0
Lisa Simpson,6,15,46.0
Lisa Simpson,6,16,269.0
Lisa Simpson,6,17,90.0
Lisa Simpson,6,18,93.0
Lisa Simpson,6,19,589.0
Lisa Simpson,6,20,207.0
Lisa Simpson,6,21,204.0
Lisa Simpson,6,22,438.0
Lisa Simpson,6,23,128.0
Lisa Simpson,6,24,45.0
Lisa Simpson,6,25,134.0
Lisa Simpson,7,1,464.0
Lisa Simpson,7,2,40.0
Lisa Simpson,7,3,204.0
Lisa Simpson,7,4,190.0
Lisa Simpson,7,5,510.0
Lisa Simpson,7,6,214.0
Lisa Simpson,7,7,166.0
Lisa Simpson,7,8,195.0
Lisa Simpson,7,9,188.0
Lisa Simpson,7,10,103.0
Lisa Simpson,7,11,121.0
Lisa Simpson,7,12,21.0
Lisa Simpson,7,13,30.0
Lisa Simpson,7,14,284.0
Lisa Simpson,7,15,202.0
Lisa Simpson,7,16,606.0
Lisa Simpson,7,17,73.0
Lisa Simpson,7,18,151.0
Lisa Simpson,7,19,23.0
Lisa Simpson,7,20,447.0
Lisa Simpson,7,21,105.0
Lisa Simpson,7,22,52.0
Lisa Simpson,7,23,175.0
Lisa Simpson,7,24,109.0
Lisa Simpson,7,25,587.0
Lisa Simpson,8,1,292.0
Lisa Simpson,8,2,130.0
Lisa Simpson,8,3,32.0
Lisa Simpson,8,4,67.0
Lisa Simpson,8,5,82.0
Lisa Simpson,8,6,84.0
Lisa Simpson,8,7,673.0
Lisa Simpson,8,8,124.0
Lisa Simpson,8,9,33.0
Lisa Simpson,8,10,115.0
Lisa Simpson,8,11,47.0
Lisa Simpson,8,12,56.0
Lisa Simpson,8,13,201.0
Lisa Simpson,8,14,156.0
Lisa Simpson,8,15,148.0
Lisa Simpson,8,16,115.0
Lisa Simpson,8,17,742.0
Lisa Simpson,8,18,42.0
Lisa Simpson,8,19,51.0
Lisa Simpson,8,20,172.0
Lisa Simpson,8,21,482.0
Lisa Simpson,8,22,88.0
Lisa Simpson,8,23,11.0
Lisa Simpson,8,24,70.0
Lisa Simpson,8,25,431.0
Lisa Simpson,9,1,182.0
Lisa Simpson,9,2,98.0
Lisa Simpson,9,3,182.0
Lisa Simpson,9,4,188.0
Lisa Simpson,9,5,116.0
Lisa Simpson,9,6,96.0
Lisa Simpson,9,7,81.0
Lisa Simpson,9,8,642.0
Lisa Simpson,9,9,134.0
Lisa Simpson,9,10,181.0
Lisa Simpson,9,11,97.0
Lisa Simpson,9,12,159.0
Lisa Simpson,9,13,111.0
Lisa Simpson,9,14,320.0
Lisa Simpson,9,15,83.0
Lisa Simpson,9,16,29.0
Lisa Simpson,9,17,703.0
Lisa Simpson,9,18,42.0
Lisa Simpson,9,19,62.0
Lisa Simpson,9,20,44.0
Lisa Simpson,9,21,594.0
Lisa Simpson,9,22,138.0
Lisa Simpson,9,23,35.0
Lisa Simpson,9,24,645.0
Lisa Simpson,9,25,101.0
Lisa Simpson,10,1,653.0
Lisa Simpson,10,2,124.0
Lisa Simpson,10,3,187.0
Lisa Simpson,10,4,94.0
Lisa Simpson,10,5,73.0
Lisa Simpson,10,6,76.0
Lisa Simpson,10,7,539.0
Lisa Simpson,10,8,97.0
Lisa Simpson,10,9,44.0
Lisa Simpson,10,10,43.0
Lisa Simpson,10,11,191.0
Lisa Simpson,10,12,117.0
Lisa Simpson,10,13,85.0
Lisa Simpson,10,14,34.0
Lisa Simpson,10,15,122.0
Lisa Simpson,10,16,665.0
Lisa Simpson,10,17,158.0
Lisa Simpson,10,18,147.0
Lisa Simpson,10,19,132.0
Lisa Simpson,10,20,214.0
Lisa Simpson,10,21,66.0
Lisa Simpson,10,22,508.0
Lisa Simpson,10,23,260.0
Lisa Simpson,11,1,52.0
Lisa Simpson,11,2,129.0
Lisa Simpson,11,3,214.0
Lisa Simpson,11,4,167.0
Lisa Simpson,11,5,223.0
Lisa Simpson,11,6,51.0
Lisa Simpson,11,7,59.0
Lisa Simpson,11,8,69.0
Lisa Simpson,11,9,347.0
Lisa Simpson,11,10,447.0
Lisa Simpson,11,11,107.0
Lisa Simpson,11,12,84.0
Lisa Simpson,11,13,191.0
Lisa Simpson,11,14,104.0
Lisa Simpson,11,15,84.0
Lisa Simpson,11,16,117.0
Lisa Simpson,11,17,576.0
Lisa Simpson,11,18,133.0
Lisa Simpson,11,19,115.0
Lisa Simpson,11,20,336.0
Lisa Simpson,11,21,137.0
Lisa Simpson,11,22,205.0
Lisa Simpson,12,1,199.0
Lisa Simpson,12,2,114.0
Lisa Simpson,12,3,64.0
Lisa Simpson,12,4,442.0
Lisa Simpson,12,5,137.0
Lisa Simpson,12,6,152.0
Lisa Simpson,12,7,92.0
Lisa Simpson,12,8,100.0
Lisa Simpson,12,9,191.0
Lisa Simpson,12,10,42.0
Lisa Simpson,12,11,92.0
Lisa Simpson,12,12,135.0
Lisa Simpson,12,13,12.0
Lisa Simpson,12,14,144.0
Lisa Simpson,12,15,94.0
Lisa Simpson,12,16,494.0
Lisa Simpson,12,17,239.0
Lisa Simpson,12,18,340.0
Lisa Simpson,12,19,105.0
Lisa Simpson,12,20,93.0
Lisa Simpson,12,21,79.0
Lisa Simpson,13,1,139.0
Lisa Simpson,13,2,110.0
Lisa Simpson,13,3,160.0
Lisa Simpson,13,4,71.0
Lisa Simpson,13,5,137.0
Lisa Simpson,13,6,429.0
Lisa Simpson,13,7,180.0
Lisa Simpson,13,8,92.0
Lisa Simpson,13,9,116.0
Lisa Simpson,13,10,69.0
Lisa Simpson,13,11,159.0
Lisa Simpson,13,12,109.0
Lisa Simpson,13,13,115.0
Lisa Simpson,13,14,256.0
Lisa Simpson,13,15,274.0
Lisa Simpson,13,16,66.0
Lisa Simpson,13,17,79.0
Lisa Simpson,13,18,131.0
Lisa Simpson,13,19,34.0
Lisa Simpson,13,20,391.0
Lisa Simpson,13,21,41.0
Lisa Simpson,13,22,78.0
Lisa Simpson,14,1,227.0
Lisa Simpson,14,2,127.0
Lisa Simpson,14,3,338.0
Lisa Simpson,14,4,144.0
Lisa Simpson,14,5,166.0
Lisa Simpson,14,6,28.0
Lisa Simpson,14,7,117.0
Lisa Simpson,14,8,348.0
Lisa Simpson,14,9,89.0
Lisa Simpson,14,10,103.0
Lisa Simpson,14,11,167.0
Lisa Simpson,14,12,388.0
Lisa Simpson,14,13,59.0
Lisa Simpson,14,14,208.0
Lisa Simpson,14,15,52.0
Lisa Simpson,14,16,362.0
Lisa Simpson,14,17,145.0
Lisa Simpson,14,18,385.0
Lisa Simpson,14,19,266.0
Lisa Simpson,14,20,50.0
Lisa Simpson,14,21,50.0
Lisa Simpson,14,22,110.0
Lisa Simpson,15,1,254.0
Lisa Simpson,15,2,106.0
Lisa Simpson,15,3,638.0
Lisa Simpson,15,4,205.0
Lisa Simpson,15,5,142.0
Lisa Simpson,15,6,198.0
Lisa Simpson,15,7,109.0
Lisa Simpson,15,8,99.0
Lisa Simpson,15,9,210.0
Lisa Simpson,15,10,168.0
Lisa Simpson,15,11,86.0
Lisa Simpson,15,12,309.0
Lisa Simpson,15,13,550.0
Lisa Simpson,15,14,252.0
Lisa Simpson,15,15,196.0
Lisa Simpson,15,16,53.0
Lisa Simpson,15,17,48.0
Lisa Simpson,15,18,253.0
Lisa Simpson,15,19,190.0
Lisa Simpson,15,20,62.0
Lisa Simpson,15,21,225.0
Lisa Simpson,15,22,453.0
Lisa Simpson,16,1,87.0
Lisa Simpson,16,2,149.0
Lisa Simpson,16,3,238.0
Lisa Simpson,16,4,317.0
Lisa Simpson,16,5,245.0
Lisa Simpson,16,6,119.0
Lisa Simpson,16,7,79.0
Lisa Simpson,16,8,57.0
Lisa Simpson,16,9,156.0
Lisa Simpson,16,10,102.0
Lisa Simpson,16,11,365.0
Lisa Simpson,16,12,141.0
Lisa Simpson,16,13,190.0
Lisa Simpson,16,14,197.0
Lisa Simpson,16,15,251.0
Lisa Simpson,16,16,63.0
Lisa Simpson,16,17,87.0
Lisa Simpson,16,18,620.0
Lisa Simpson,16,19,161.0
Lisa Simpson,16,20,97.0
Lisa Simpson,16,21,133.0
Lisa Simpson,17,1,139.0
Lisa Simpson,17,2,342.0
Lisa Simpson,17,3,129.0
Lisa Simpson,17,4,137.0
Lisa Simpson,17,5,24.0
Lisa Simpson,17,6,292.0
Lisa Simpson,17,7,164.0
Lisa Simpson,17,8,223.0
Lisa Simpson,17,9,64.0
Lisa Simpson,17,10,84.0
Lisa Simpson,17,11,76.0
Lisa Simpson,17,12,284.0
Lisa Simpson,17,13,237.0
Lisa Simpson,17,14,115.0
Lisa Simpson,17,15,99.0
Lisa Simpson,17,16,93.0
Lisa Simpson,17,17,47.0
Lisa Simpson,17,18,163.0
Lisa Simpson,17,19,483.0
Lisa Simpson,17,20,89.0
Lisa Simpson,17,21,279.0
Lisa Simpson,17,22,55.0
Lisa Simpson,18,1,119.0
Lisa Simpson,18,2,334.0
Lisa Simpson,18,3,106.0
Lisa Simpson,18,4,94.0
Lisa Simpson,18,5,69.0
Lisa Simpson,18,6,249.0
Lisa Simpson,18,7,34.0
Lisa Simpson,18,8,190.0
Lisa Simpson,18,9,99.0
Lisa Simpson,18,10,93.0
Lisa Simpson,18,11,150.0
Lisa Simpson,18,12,358.0
Lisa Simpson,18,13,39.0
Lisa Simpson,18,14,243.0
Lisa Simpson,18,15,84.0
Lisa Simpson,18,16,131.0
Lisa Simpson,18,17,233.0
Lisa Simpson,18,18,102.0
Lisa Simpson,18,19,102.0
Lisa Simpson,18,20,144.0
Lisa Simpson,18,21,234.0
Lisa Simpson,18,22,188.0
Lisa Simpson,19,1,44.0
Lisa Simpson,19,2,101.0
Lisa Simpson,19,3,108.0
Lisa Simpson,19,4,37.0
Lisa Simpson,19,5,160.0
Lisa Simpson,19,6,76.0
Lisa Simpson,19,7,103.0
Lisa Simpson,19,8,284.0
Lisa Simpson,19,9,67.0
Lisa Simpson,19,10,162.0
Lisa Simpson,19,11,62.0
Lisa Simpson,19,12,70.0
Lisa Simpson,19,13,63.0
Lisa Simpson,19,14,392.0
Lisa Simpson,19,15,432.0
Lisa Simpson,19,16,140.0
Lisa Simpson,19,17,238.0
Lisa Simpson,19,18,442.0
Lisa Simpson,19,19,131.0
Lisa Simpson,19,20,273.0
Lisa Simpson,20,1,83.0
Lisa Simpson,20,2,168.0
Lisa Simpson,20,3,80.0
Lisa Simpson,20,5,122.0
Lisa Simpson,20,6,526.0
Lisa Simpson,20,7,198.0
Lisa Simpson,20,8,303.0
Lisa Simpson,20,9,572.0
Lisa Simpson,20,10,190.0
Lisa Simpson,20,11,173.0
Lisa Simpson,20,12,121.0
Lisa Simpson,20,13,548.0
Lisa Simpson,20,14,140.0
Lisa Simpson,20,15,111.0
Lisa Simpson,20,16,23.0
Lisa Simpson,20,17,175.0
Lisa Simpson,20,18,177.0
Lisa Simpson,20,19,406.0
Lisa Simpson,20,20,161.0
Lisa Simpson,21,1,17.0
Lisa Simpson,21,2,18.0
Lisa Simpson,21,3,98.0
Lisa Simpson,21,4,288.0
Lisa Simpson,21,5,9.0
Lisa Simpson,21,7,421.0
Lisa Simpson,21,8,258.0
Lisa Simpson,21,9,197.0
Lisa Simpson,21,10,77.0
Lisa Simpson,21,11,155.0
Lisa Simpson,21,12,233.0
Lisa Simpson,21,13,552.0
Lisa Simpson,21,14,182.0
Lisa Simpson,21,15,188.0
Lisa Simpson,21,16,94.0
Lisa Simpson,21,17,157.0
Lisa Simpson,21,18,0.0
Lisa Simpson,21,19,423.0
Lisa Simpson,21,20,304.0
Lisa Simpson,21,21,31.0
Lisa Simpson,21,22,51.0
Lisa Simpson,21,23,117.0
Lisa Simpson,22,1,467.0
Lisa Simpson,22,2,321.0
Lisa Simpson,22,3,527.0
Lisa Simpson,22,4,161.0
Lisa Simpson,22,5,526.0
Lisa Simpson,22,6,199.0
Lisa Simpson,22,7,226.0
Lisa Simpson,22,8,300.0
Lisa Simpson,22,9,29.0
Lisa Simpson,22,10,57.0
Lisa Simpson,22,11,8.0
Lisa Simpson,22,12,41.0
Lisa Simpson,22,13,96.0
Lisa Simpson,22,14,131.0
Lisa Simpson,22,15,255.0
Lisa Simpson,22,16,115.0
Lisa Simpson,22,17,30.0
Lisa Simpson,22,18,450.0
Lisa Simpson,22,19,172.0
Lisa Simpson,22,20,238.0
Lisa Simpson,22,21,383.0
Lisa Simpson,22,22,32.0
Lisa Simpson,23,1,11.0
Lisa Simpson,23,2,65.0
Lisa Simpson,23,3,251.0
Lisa Simpson,23,4,102.0
Lisa Simpson,23,5,190.0
Lisa Simpson,23,6,637.0
Lisa Simpson,23,7,98.0
Lisa Simpson,23,8,122.0
Lisa Simpson,23,9,364.0
Lisa Simpson,23,10,170.0
Lisa Simpson,23,11,374.0
Lisa Simpson,23,12,46.0
Lisa Simpson,23,13,295.0
Lisa Simpson,23,14,159.0
Lisa Simpson,23,15,107.0
Lisa Simpson,23,16,58.0
Lisa Simpson,23,17,41.0
Lisa Simpson,23,18,101.0
Lisa Simpson,23,19,249.0
Lisa Simpson,23,20,82.0
Lisa Simpson,23,21,137.0
Lisa Simpson,23,22,546.0
Lisa Simpson,24,1,210.0
Lisa Simpson,24,2,188.0
Lisa Simpson,24,3,86.0
Lisa Simpson,24,4,285.0
Lisa Simpson,24,5,168.0
Lisa Simpson,24,6,47.0
Lisa Simpson,24,7,84.0
Lisa Simpson,24,8,135.0
Lisa Simpson,24,9,100.0
Lisa Simpson,24,10,161.0
Lisa Simpson,24,11,112.0
Lisa Simpson,24,12,131.0
Lisa Simpson,24,13,266.0
Lisa Simpson,24,14,118.0
Lisa Simpson,24,15,276.0
Lisa Simpson,24,16,325.0
Lisa Simpson,24,17,198.0
Lisa Simpson,24,18,165.0
Lisa Simpson,24,19,143.0
Lisa Simpson,24,20,51.0
Lisa Simpson,24,21,101.0
Lisa Simpson,24,22,75.0
Lisa Simpson,25,1,294.0
Lisa Simpson,25,2,205.0
Lisa Simpson,25,3,15.0
Lisa Simpson,25,4,208.0
Lisa Simpson,25,5,235.0
Lisa Simpson,25,6,652.0
Lisa Simpson,25,7,77.0
Lisa Simpson,25,8,278.0
Lisa Simpson,25,9,152.0
Lisa Simpson,25,10,64.0
Lisa Simpson,25,11,63.0
Lisa Simpson,25,12,100.0
Lisa Simpson,25,13,381.0
Lisa Simpson,25,14,68.0
Lisa Simpson,25,15,415.0
Lisa Simpson,25,16,293.0
Lisa Simpson,25,17,218.0
Lisa Simpson,25,18,194.0
Lisa Simpson,25,19,16.0
Lisa Simpson,25,21,284.0
Lisa Simpson,25,22,311.0
Lisa Simpson,26,1,111.0
Lisa Simpson,26,2,109.0
Lisa Simpson,26,3,104.0
Lisa Simpson,26,4,149.0
Lisa Simpson,26,5,132.0
Lisa Simpson,26,6,207.0
Lisa Simpson,26,7,73.0
Lisa Simpson,26,8,73.0
Lisa Simpson,26,9,115.0
Lisa Simpson,26,10,274.0
Lisa Simpson,26,11,105.0
Lisa Simpson,26,12,259.0
Lisa Simpson,26,13,221.0
Lisa Simpson,26,14,10.0
Lisa Simpson,26,15,49.0
Lisa Simpson,26,16,94.0
Marge Simpson,1,1,373.0
Marge Simpson,1,2,173.0
Marge Simpson,1,3,137.0
Marge Simpson,1,4,326.0
Marge Simpson,1,5,140.0
Marge Simpson,1,6,394.0
Marge Simpson,1,7,191.0
Marge Simpson,1,8,276.0
Marge Simpson,1,9,521.0
Marge Simpson,1,10,312.0
Marge Simpson,1,11,331.0
Marge Simpson,1,12,110.0
Marge Simpson,1,13,378.0
Marge Simpson,2,1,138.0
Marge Simpson,2,2,160.0
Marge Simpson,2,3,382.0
Marge Simpson,2,4,219.0
Marge Simpson,2,5,204.0
Marge Simpson,2,6,206.0
Marge Simpson,2,7,302.0
Marge Simpson,2,8,147.0
Marge Simpson,2,9,668.0
Marge Simpson,2,10,470.0
Marge Simpson,2,11,225.0
Marge Simpson,2,12,585.0
Marge Simpson,2,13,234.0
Marge Simpson,2,14,227.0
Marge Simpson,2,15,112.0
Marge Simpson,2,16,352.0
Marge Simpson,2,17,98.0
Marge Simpson,2,18,455.0
Marge Simpson,2,19,148.0
Marge Simpson,2,20,594.0
Marge Simpson,2,21,203.0
Marge Simpson,2,22,262.0
Marge Simpson,3,1,119.0
Marge Simpson,3,2,196.0
Marge Simpson,3,3,165.0
Marge Simpson,3,4,134.0
Marge Simpson,3,5,262.0
Marge Simpson,3,6,87.0
Marge Simpson,3,7,123.0
Marge Simpson,3,8,296.0
Marge Simpson,3,9,223.0
Marge Simpson,3,10,86.0
Marge Simpson,3,11,180.0
Marge Simpson,3,12,527.0
Marge Simpson,3,13,210.0
Marge Simpson,3,14,338.0
Marge Simpson,3,15,364.0
Marge Simpson,3,16,252.0
Marge Simpson,3,17,103.0
Marge Simpson,3,18,251.0
Marge Simpson,3,19,353.0
Marge Simpson,3,20,372.0
Marge Simpson,3,21,136.0
Marge Simpson,3,22,201.0
Marge Simpson,3,23,107.0
Marge Simpson,3,24,145.0
Marge Simpson,4,1,137.0
Marge Simpson,4,2,524.0
Marge Simpson,4,3,235.0
Marge Simpson,4,4,179.0
Marge Simpson,4,5,150.0
Marge Simpson,4,6,248.0
Marge Simpson,4,7,340.0
Marge Simpson,4,8,190.0
Marge Simpson,4,9,99.0
Marge Simpson,4,10,360.0
Marge Simpson,4,11,143.0
Marge Simpson,4,12,271.0
Marge Simpson,4,13,275.0
Marge Simpson,4,14,136.0
Marge Simpson,4,15,40.0
Marge Simpson,4,16,213.0
Marge Simpson,4,17,95.0
Marge Simpson,4,18,107.0
Marge Simpson,4,19,82.0
Marge Simpson,4,20,154.0
Marge Simpson,4,21,169.0
Marge Simpson,4,22,0.0
Marge Simpson,5,1,57.0
Marge Simpson,5,2,120.0
Marge Simpson,5,3,139.0
Marge Simpson,5,4,132.0
Marge Simpson,5,5,191.0
Marge Simpson,5,6,436.0
Marge Simpson,5,7,250.0
Marge Simpson,5,8,54.0
Marge Simpson,5,9,74.0
Marge Simpson,5,10,235.0
Marge Simpson,5,11,93.0
Marge Simpson,5,12,121.0
Marge Simpson,5,13,134.0
Marge Simpson,5,14,106.0
Marge Simpson,5,15,181.0
Marge Simpson,5,16,106.0
Marge Simpson,5,17,202.0
Marge Simpson,5,18,196.0
Marge Simpson,5,19,75.0
Marge Simpson,5,20,119.0
Marge Simpson,5,21,318.0
Marge Simpson,5,22,337.0
Marge Simpson,6,1,99.0
Marge Simpson,6,2,229.0
Marge Simpson,6,3,667.0
Marge Simpson,6,4,519.0
Marge Simpson,6,5,28.0
Marge Simpson,6,6,214.0
Marge Simpson,6,7,163.0
Marge Simpson,6,8,308.0
Marge Simpson,6,9,296.0
Marge Simpson,6,10,251.0
Marge Simpson,6,11,545.0
Marge Simpson,6,12,170.0
Marge Simpson,6,13,312.0
Marge Simpson,6,14,88.0
Marge Simpson,6,15,24.0
Marge Simpson,6,16,259.0
Marge Simpson,6,17,255.0
Marge Simpson,6,18,349.0
Marge Simpson,6,19,153.0
Marge Simpson,6,20,380.0
Marge Simpson,6,21,189.0
Marge Simpson,6,22,114.0
Marge Simpson,6,23,635.0
Marge Simpson,6,24,233.0
Marge Simpson,6,25,136.0
Marge Simpson,7,1,179.0
Marge Simpson,7,2,19.0
Marge Simpson,7,3,437.0
Marge Simpson,7,4,74.0
Marge Simpson,7,5,197.0
Marge Simpson,7,6,162.0
Marge Simpson,7,7,230.0
Marge Simpson,7,8,175.0
Marge Simpson,7,9,98.0
Marge Simpson,7,10,141.0
Marge Simpson,7,11,512.0
Marge Simpson,7,12,106.0
Marge Simpson,7,13,137.0
Marge Simpson,7,14,799.0
Marge Simpson,7,15,114.0
Marge Simpson,7,16,47.0
Marge Simpson,7,17,122.0
Marge Simpson,7,18,141.0
Marge Simpson,7,19,120.0
Marge Simpson,7,20,233.0
Marge Simpson,7,21,78.0
Marge Simpson,7,22,31.0
Marge Simpson,7,23,96.0
Marge Simpson,7,24,183.0
Marge Simpson,7,25,323.0
Marge Simpson,8,1,120.0
Marge Simpson,8,2,248.0
Marge Simpson,8,3,253.0
Marge Simpson,8,4,220.0
Marge Simpson,8,5,414.0
Marge Simpson,8,6,544.0
Marge Simpson,8,7,89.0
Marge Simpson,8,8,193.0
Marge Simpson,8,9,318.0
Marge Simpson,8,10,166.0
Marge Simpson,8,11,563.0
Marge Simpson,8,12,61.0
Marge Simpson,8,13,272.0
Marge Simpson,8,14,121.0
Marge Simpson,8,15,337.0
Marge Simpson,8,16,64.0
Marge Simpson,8,17,226.0
Marge Simpson,8,18,248.0
Marge Simpson,8,19,8.0
Marge Simpson,8,20,210.0
Marge Simpson,8,21,88.0
Marge Simpson,8,22,527.0
Marge Simpson,8,23,159.0
Marge Simpson,8,24,162.0
Marge Simpson,8,25,166.0
Marge Simpson,9,1,214.0
Marge Simpson,9,2,166.0
Marge Simpson,9,3,457.0
Marge Simpson,9,4,228.0
Marge Simpson,9,5,310.0
Marge Simpson,9,6,196.0
Marge Simpson,9,7,162.0
Marge Simpson,9,8,168.0
Marge Simpson,9,9,629.0
Marge Simpson,9,10,359.0
Marge Simpson,9,11,130.0
Marge Simpson,9,12,340.0
Marge Simpson,9,13,293.0
Marge Simpson,9,14,94.0
Marge Simpson,9,15,146.0
Marge Simpson,9,16,71.0
Marge Simpson,9,17,141.0
Marge Simpson,9,18,239.0
Marge Simpson,9,19,67.0
Marge Simpson,9,20,53.0
Marge Simpson,9,21,188.0
Marge Simpson,9,22,216.0
Marge Simpson,9,23,126.0
Marge Simpson,9,24,181.0
Marge Simpson,9,25,454.0
Marge Simpson,10,1,179.0
Marge Simpson,10,2,253.0
Marge Simpson,10,3,422.0
Marge Simpson,10,4,286.0
Marge Simpson,10,5,103.0
Marge Simpson,10,6,123.0
Marge Simpson,10,7,294.0
Marge Simpson,10,8,217.0
Marge Simpson,10,9,96.0
Marge Simpson,10,10,99.0
Marge Simpson,10,11,161.0
Marge Simpson,10,12,149.0
Marge Simpson,10,13,308.0
Marge Simpson,10,14,403.0
Marge Simpson,10,15,473.0
Marge Simpson,10,16,192.0
Marge Simpson,10,17,381.0
Marge Simpson,10,18,177.0
Marge Simpson,10,19,396.0
Marge Simpson,10,20,94.0
Marge Simpson,10,21,183.0
Marge Simpson,10,22,169.0
Marge Simpson,10,23,253.0
Marge Simpson,11,1,234.0
Marge Simpson,11,2,377.0
Marge Simpson,11,3,83.0
Marge Simpson,11,4,122.0
Marge Simpson,11,5,292.0
Marge Simpson,11,6,130.0
Marge Simpson,11,7,181.0
Marge Simpson,11,8,323.0
Marge Simpson,11,9,55.0
Marge Simpson,11,10,312.0
Marge Simpson,11,11,82.0
Marge Simpson,11,12,260.0
Marge Simpson,11,13,255.0
Marge Simpson,11,14,108.0
Marge Simpson,11,15,114.0
Marge Simpson,11,16,82.0
Marge Simpson,11,17,139.0
Marge Simpson,11,18,181.0
Marge Simpson,11,19,354.0
Marge Simpson,11,20,274.0
Marge Simpson,11,21,648.0
Marge Simpson,11,22,263.0
Marge Simpson,12,1,180.0
Marge Simpson,12,2,147.0
Marge Simpson,12,3,97.0
Marge Simpson,12,4,188.0
Marge Simpson,12,5,114.0
Marge Simpson,12,6,74.0
Marge Simpson,12,7,247.0
Marge Simpson,12,8,79.0
Marge Simpson,12,9,64.0
Marge Simpson,12,10,627.0
Marge Simpson,12,11,63.0
Marge Simpson,12,12,387.0
Marge Simpson,12,13,44.0
Marge Simpson,12,14,83.0
Marge Simpson,12,15,167.0
Marge Simpson,12,16,220.0
Marge Simpson,12,17,192.0
Marge Simpson,12,18,209.0
Marge Simpson,12,19,101.0
Marge Simpson,12,20,77.0
Marge Simpson,12,21,105.0
Marge Simpson,13,1,214.0
Marge Simpson,13,2,319.0
Marge Simpson,13,3,69.0
Marge Simpson,13,4,75.0
Marge Simpson,13,5,312.0
Marge Simpson,13,6,349.0
Marge Simpson,13,7,256.0
Marge Simpson,13,8,345.0
Marge Simpson,13,9,456.0
Marge Simpson,13,10,441.0
Marge Simpson,13,11,113.0
Marge Simpson,13,12,163.0
Marge Simpson,13,13,172.0
Marge Simpson,13,14,206.0
Marge Simpson,13,15,254.0
Marge Simpson,13,16,277.0
Marge Simpson,13,17,45.0
Marge Simpson,13,18,82.0
Marge Simpson,13,19,293.0
Marge Simpson,13,20,107.0
Marge Simpson,13,21,313.0
Marge Simpson,13,22,223.0
Marge Simpson,14,1,241.0
Marge Simpson,14,2,239.0
Marge Simpson,14,3,118.0
Marge Simpson,14,4,473.0
Marge Simpson,14,5,297.0
Marge Simpson,14,6,188.0
Marge Simpson,14,7,60.0
Marge Simpson,14,8,79.0
Marge Simpson,14,9,527.0
Marge Simpson,14,10,187.0
Marge Simpson,14,11,242.0
Marge Simpson,14,12,173.0
Marge Simpson,14,13,154.0
Marge Simpson,14,14,248.0
Marge Simpson,14,15,178.0
Marge Simpson,14,16,33.0
Marge Simpson,14,17,471.0
Marge Simpson,14,18,242.0
Marge Simpson,14,19,130.0
Marge Simpson,14,20,390.0
Marge Simpson,14,21,285.0
Marge Simpson,14,22,235.0
Marge Simpson,15,1,101.0
Marge Simpson,15,2,119.0
Marge Simpson,15,3,151.0
Marge Simpson,15,4,330.0
Marge Simpson,15,5,172.0
Marge Simpson,15,6,122.0
Marge Simpson,15,7,168.0
Marge Simpson,15,8,436.0
Marge Simpson,15,9,142.0
Marge Simpson,15,10,516.0
Marge Simpson,15,11,227.0
Marge Simpson,15,12,230.0
Marge Simpson,15,13,244.0
Marge Simpson,15,14,225.0
Marge Simpson,15,15,520.0
Marge Simpson,15,16,126.0
Marge Simpson,15,17,313.0
Marge Simpson,15,18,472.0
Marge Simpson,15,19,197.0
Marge Simpson,15,20,483.0
Marge Simpson,15,21,334.0
Marge Simpson,15,22,31.0
Marge Simpson,16,1,112.0
Marge Simpson,16,2,657.0
Marge Simpson,16,3,538.0
Marge Simpson,16,4,529.0
Marge Simpson,16,5,105.0
Marge Simpson,16,6,78.0
Marge Simpson,16,7,544.0
Marge Simpson,16,8,169.0
Marge Simpson,16,9,163.0
Marge Simpson,16,10,346.0
Marge Simpson,16,11,94.0
Marge Simpson,16,12,131.0
Marge Simpson,16,13,640.0
Marge Simpson,16,14,326.0
Marge Simpson,16,15,121.0
Marge Simpson,16,16,402.0
Marge Simpson,16,17,217.0
Marge Simpson,16,18,135.0
Marge Simpson,16,19,230.0
Marge Simpson,16,20,154.0
Marge Simpson,16,21,382.0
Marge Simpson,17,1,439.0
Marge Simpson,17,2,325.0
Marge Simpson,17,3,371.0
Marge Simpson,17,4,158.0
Marge Simpson,17,5,574.0
Marge Simpson,17,6,134.0
Marge Simpson,17,7,318.0
Marge Simpson,17,8,201.0
Marge Simpson,17,9,54.0
Marge Simpson,17,10,254.0
Marge Simpson,17,11,157.0
Marge Simpson,17,12,113.0
Marge Simpson,17,13,160.0
Marge Simpson,17,14,392.0
Marge Simpson,17,15,404.0
Marge Simpson,17,16,126.0
Marge Simpson,17,17,77.0
Marge Simpson,17,18,243.0
Marge Simpson,17,19,155.0
Marge Simpson,17,20,656.0
Marge Simpson,17,21,214.0
Marge Simpson,17,22,418.0
Marge Simpson,18,1,157.0
Marge Simpson,18,2,181.0
Marge Simpson,18,3,407.0
Marge Simpson,18,4,82.0
Marge Simpson,18,5,181.0
Marge Simpson,18,6,93.0
Marge Simpson,18,7,349.0
Marge Simpson,18,8,142.0
Marge Simpson,18,9,400.0
Marge Simpson,18,10,249.0
Marge Simpson,18,11,193.0
Marge Simpson,18,12,120.0
Marge Simpson,18,13,233.0
Marge Simpson,18,14,107.0
Marge Simpson,18,15,162.0
Marge Simpson,18,16,252.0
Marge Simpson,18,17,576.0
Marge Simpson,18,18,288.0
Marge Simpson,18,19,231.0
Marge Simpson,18,20,134.0
Marge Simpson,18,21,165.0
Marge Simpson,18,22,185.0
Marge Simpson,19,1,195.0
Marge Simpson,19,2,306.0
Marge Simpson,19,3,213.0
Marge Simpson,19,4,481.0
Marge Simpson,19,5,211.0
Marge Simpson,19,6,169.0
Marge Simpson,19,7,315.0
Marge Simpson,19,8,208.0
Marge Simpson,19,9,143.0
Marge Simpson,19,10,129.0
Marge Simpson,19,11,579.0
Marge Simpson,19,12,63.0
Marge Simpson,19,13,45.0
Marge Simpson,19,14,240.0
Marge Simpson,19,15,252.0
Marge Simpson,19,16,287.0
Marge Simpson,19,17,191.0
Marge Simpson,19,18,168.0
Marge Simpson,19,19,185.0
Marge Simpson,19,20,16.0
Marge Simpson,20,1,245.0
Marge Simpson,20,2,327.0
Marge Simpson,20,3,243.0
Marge Simpson,20,5,367.0
Marge Simpson,20,6,150.0
Marge Simpson,20,7,107.0
Marge Simpson,20,8,107.0
Marge Simpson,20,9,246.0
Marge Simpson,20,10,123.0
Marge Simpson,20,11,110.0
Marge Simpson,20,12,278.0
Marge Simpson,20,13,178.0
Marge Simpson,20,14,238.0
Marge Simpson,20,15,389.0
Marge Simpson,20,16,119.0
Marge Simpson,20,17,53.0
Marge Simpson,20,18,171.0
Marge Simpson,20,19,340.0
Marge Simpson,20,20,454.0
Marge Simpson,21,1,47.0
Marge Simpson,21,2,14.0
Marge Simpson,21,3,466.0
Marge Simpson,21,4,200.0
Marge Simpson,21,5,344.0
Marge Simpson,21,7,50.0
Marge Simpson,21,8,168.0
Marge Simpson,21,9,120.0
Marge Simpson,21,10,37.0
Marge Simpson,21,11,273.0
Marge Simpson,21,12,314.0
Marge Simpson,21,13,187.0
Marge Simpson,21,14,367.0
Marge Simpson,21,15,52.0
Marge Simpson,21,16,151.0
Marge Simpson,21,17,59.0
Marge Simpson,21,18,139.0
Marge Simpson,21,19,102.0
Marge Simpson,21,20,155.0
Marge Simpson,21,21,147.0
Marge Simpson,21,22,276.0
Marge Simpson,21,23,170.0
Marge Simpson,22,1,113.0
Marge Simpson,22,2,203.0
Marge Simpson,22,3,139.0
Marge Simpson,22,4,231.0
Marge Simpson,22,5,380.0
Marge Simpson,22,6,149.0
Marge Simpson,22,7,172.0
Marge Simpson,22,8,179.0
Marge Simpson,22,9,82.0
Marge Simpson,22,10,361.0
Marge Simpson,22,11,45.0
Marge Simpson,22,12,81.0
Marge Simpson,22,13,319.0
Marge Simpson,22,14,47.0
Marge Simpson,22,15,75.0
Marge Simpson,22,16,239.0
Marge Simpson,22,17,289.0
Marge Simpson,22,18,70.0
Marge Simpson,22,19,241.0
Marge Simpson,22,20,135.0
Marge Simpson,22,21,150.0
Marge Simpson,22,22,135.0
Marge Simpson,23,1,173.0
Marge Simpson,23,2,58.0
Marge Simpson,23,3,90.0
Marge Simpson,23,4,37.0
Marge Simpson,23,5,574.0
Marge Simpson,23,6,66.0
Marge Simpson,23,7,234.0
Marge Simpson,23,8,91.0
Marge Simpson,23,9,193.0
Marge Simpson,23,10,166.0
Marge Simpson,23,11,133.0
Marge Simpson,23,12,64.0
Marge Simpson,23,13,291.0
Marge Simpson,23,14,310.0
Marge Simpson,23,15,126.0
Marge Simpson,23,16,201.0
Marge Simpson,23,17,87.0
Marge Simpson,23,18,229.0
Marge Simpson,23,19,268.0
Marge Simpson,23,20,185.0
Marge Simpson,23,21,228.0
Marge Simpson,23,22,134.0
Marge Simpson,24,1,120.0
Marge Simpson,24,2,220.0
Marge Simpson,24,3,598.0
Marge Simpson,24,4,185.0
Marge Simpson,24,5,19.0
Marge Simpson,24,6,213.0
Marge Simpson,24,7,380.0
Marge Simpson,24,8,115.0
Marge Simpson,24,9,277.0
Marge Simpson,24,10,134.0
Marge Simpson,24,11,447.0
Marge Simpson,24,12,136.0
Marge Simpson,24,13,282.0
Marge Simpson,24,14,359.0
Marge Simpson,24,15,128.0
Marge Simpson,24,16,48.0
Marge Simpson,24,17,356.0
Marge Simpson,24,18,225.0
Marge Simpson,24,19,288.0
Marge Simpson,24,20,391.0
Marge Simpson,24,21,179.0
Marge Simpson,24,22,729.0
Marge Simpson,25,1,176.0
Marge Simpson,25,2,124.0
Marge Simpson,25,3,184.0
Marge Simpson,25,4,268.0
Marge Simpson,25,5,234.0
Marge Simpson,25,6,143.0
Marge Simpson,25,7,75.0
Marge Simpson,25,8,336.0
Marge Simpson,25,9,268.0
Marge Simpson,25,10,112.0
Marge Simpson,25,11,344.0
Marge Simpson,25,12,114.0
Marge Simpson,25,13,278.0
Marge Simpson,25,14,181.0
Marge Simpson,25,15,425.0
Marge Simpson,25,16,132.0
Marge Simpson,25,17,363.0
Marge Simpson,25,18,210.0
Marge Simpson,25,19,63.0
Marge Simpson,25,21,427.0
Marge Simpson,25,22,36.0
Marge Simpson,26,1,131.0
Marge Simpson,26,2,209.0
Marge Simpson,26,3,591.0
Marge Simpson,26,4,259.0
Marge Simpson,26,5,142.0
Marge Simpson,26,6,102.0
Marge Simpson,26,7,238.0
Marge Simpson,26,8,166.0
Marge Simpson,26,9,280.0
Marge Simpson,26,10,96.0
Marge Simpson,26,11,233.0
Marge Simpson,26,12,90.0
Marge Simpson,26,13,236.0
Marge Simpson,26,14,228.0
Marge Simpson,26,15,32.0
Marge Simpson,26,16,450.0
Milhouse Van Houten,1,1,19.0
Milhouse Van Houten,1,2,9.0
Milhouse Van Houten,1,3,0.0
Milhouse Van Houten,1,4,0.0
Milhouse Van Houten,1,5,29.0
Milhouse Van Houten,1,6,0.0
Milhouse Van Houten,1,7,0.0
Milhouse Van Houten,1,8,6.0
Milhouse Van Houten,1,9,0.0
Milhouse Van Houten,1,10,24.0
Milhouse Van Houten,1,11,18.0
Milhouse Van Houten,1,12,0.0
Milhouse Van Houten,1,13,0.0
Milhouse Van Houten,2,1,10.0
Milhouse Van Houten,2,2,2.0
Milhouse Van Houten,2,3,0.0
Milhouse Van Houten,2,4,0.0
Milhouse Van Houten,2,5,22.0
Milhouse Van Houten,2,6,0.0
Milhouse Van Houten,2,7,0.0
Milhouse Van Houten,2,8,38.0
Milhouse Van Houten,2,9,12.0
Milhouse Van Houten,2,10,0.0
Milhouse Van Houten,2,11,0.0
Milhouse Van Houten,2,12,0.0
Milhouse Van Houten,2,13,4.0
Milhouse Van Houten,2,14,5.0
Milhouse Van Houten,2,15,0.0
Milhouse Van Houten,2,16,0.0
Milhouse Van Houten,2,17,0.0
Milhouse Van Houten,2,18,0.0
Milhouse Van Houten,2,19,11.0
Milhouse Van Houten,2,20,9.0
Milhouse Van Houten,2,21,161.0
Milhouse Van Houten,2,22,0.0
Milhouse Van Houten,3,1,8.0
Milhouse Van Houten,3,2,0.0
Milhouse Van Houten,3,3,0.0
Milhouse Van Houten,3,4,18.0
Milhouse Van Houten,3,5,82.0
Milhouse Van Houten,3,6,28.0
Milhouse Van Houten,3,7,0.0
Milhouse Van Houten,3,8,0.0
Milhouse Van Houten,3,9,17.0
Milhouse Van Houten,3,10,0.0
Milhouse Van Houten,3,11,0.0
Milhouse Van Houten,3,12,0.0
Milhouse Van Houten,3,13,1.0
Milhouse Van Houten,3,14,0.0
Milhouse Van Houten,3,15,0.0
Milhouse Van Houten,3,16,17.0
Milhouse Van Houten,3,17,0.0
Milhouse Van Houten,3,18,21.0
Milhouse Van Houten,3,19,0.0
Milhouse Van Houten,3,20,0.0
Milhouse Van Houten,3,21,0.0
Milhouse Van Houten,3,22,26.0
Milhouse Van Houten,3,23,269.0
Milhouse Van Houten,3,24,0.0
Milhouse Van Houten,4,1,14.0
Milhouse Van Houten,4,2,0.0
Milhouse Van Houten,4,3,0.0
Milhouse Van Houten,4,4,5.0
Milhouse Van Houten,4,5,0.0
Milhouse Van Houten,4,6,17.0
Milhouse Van Houten,4,7,0.0
Milhouse Van Houten,4,8,0.0
Milhouse Van Houten,4,9,0.0
Milhouse Van Houten,4,10,0.0
Milhouse Van Houten,4,11,0.0
Milhouse Van Houten,4,12,0.0
Milhouse Van Houten,4,13,0.0
Milhouse Van Houten,4,14,15.0
Milhouse Van Houten,4,15,35.0
Milhouse Van Houten,4,16,6.0
Milhouse Van Houten,4,17,0.0
Milhouse Van Houten,4,18,0.0
Milhouse Van Houten,4,19,0.0
Milhouse Van Houten,4,20,2.0
Milhouse Van Houten,4,21,9.0
Milhouse Van Houten,4,22,21.0
Milhouse Van Houten,5,1,10.0
Milhouse Van Houten,5,2,26.0
Milhouse Van Houten,5,3,0.0
Milhouse Van Houten,5,4,0.0
Milhouse Van Houten,5,5,89.0
Milhouse Van Houten,5,6,0.0
Milhouse Van Houten,5,7,17.0
Milhouse Van Houten,5,8,99.0
Milhouse Van Houten,5,9,12.0
Milhouse Van Houten,5,10,10.0
Milhouse Van Houten,5,11,0.0
Milhouse Van Houten,5,12,32.0
Milhouse Van Houten,5,13,0.0
Milhouse Van Houten,5,14,0.0
Milhouse Van Houten,5,15,0.0
Milhouse Van Houten,5,16,12.0
Milhouse Van Houten,5,17,0.0
Milhouse Van Houten,5,18,66.0
Milhouse Van Houten,5,19,58.0
Milhouse Van Houten,5,20,11.0
Milhouse Van Houten,5,21,19.0
Milhouse Van Houten,5,22,18.0
Milhouse Van Houten,6,1,33.0
Milhouse Van Houten,6,2,17.0
Milhouse Van Houten,6,3,0.0
Milhouse Van Houten,6,4,0.0
Milhouse Van Houten,6,5,2.0
Milhouse Van Houten,6,6,27.0
Milhouse Van Houten,6,7,50.0
Milhouse Van Houten,6,8,55.0
Milhouse Van Houten,6,9,0.0
Milhouse Van Houten,6,10,91.0
Milhouse Van Houten,6,11,0.0
Milhouse Van Houten,6,12,0.0
Milhouse Van Houten,6,13,0.0
Milhouse Van Houten,6,14,18.0
Milhouse Van Houten,6,15,35.0
Milhouse Van Houten,6,16,16.0
Milhouse Van Houten,6,17,54.0
Milhouse Van Houten,6,18,2.0
Milhouse Van Houten,6,19,22.0
Milhouse Van Houten,6,20,0.0
Milhouse Van Houten,6,21,90.0
Milhouse Van Houten,6,22,15.0
Milhouse Van Houten,6,23,3.0
Milhouse Van Houten,6,24,207.0
Milhouse Van Houten,6,25,4.0
Milhouse Van Houten,7,1,0.0
Milhouse Van Houten,7,2,263.0
Milhouse Van Houten,7,3,20.0
Milhouse Van Houten,7,4,205.0
Milhouse Van Houten,7,5,0.0
Milhouse Van Houten,7,6,0.0
Milhouse Van Houten,7,7,17.0
Milhouse Van Houten,7,8,0.0
Milhouse Van Houten,7,9,18.0
Milhouse Van Houten,7,10,0.0
Milhouse Van Houten,7,11,111.0
Milhouse Van Houten,7,12,41.0
Milhouse Van Houten,7,13,0.0
Milhouse Van Houten,7,14,0.0
Milhouse Van Houten,7,15,38.0
Milhouse Van Houten,7,16,6.0
Milhouse Van Houten,7,17,0.0
Milhouse Van Houten,7,18,21.0
Milhouse Van Houten,7,19,0.0
Milhouse Van Houten,7,20,251.0
Milhouse Van Houten,7,21,64.0
Milhouse Van Houten,7,22,0.0
Milhouse Van Houten,7,23,0.0
Milhouse Van Houten,7,24,31.0
Milhouse Van Houten,7,25,102.0
Milhouse Van Houten,8,1,0.0
Milhouse Van Houten,8,2,20.0
Milhouse Van Houten,8,3,13.0
Milhouse Van Houten,8,4,0.0
Milhouse Van Houten,8,5,60.0
Milhouse Van Houten,8,6,50.0
Milhouse Van Houten,8,7,97.0
Milhouse Van Houten,8,8,0.0
Milhouse Van Houten,8,9,0.0
Milhouse Van Houten,8,10,11.0
Milhouse Van Houten,8,11,0.0
Milhouse Van Houten,8,12,0.0
Milhouse Van Houten,8,13,0.0
Milhouse Van Houten,8,14,21.0
Milhouse Van Houten,8,15,3.0
Milhouse Van Houten,8,16,7.0
Milhouse Van Houten,8,17,0.0
Milhouse Van Houten,8,18,10.0
Milhouse Van Houten,8,19,58.0
Milhouse Van Houten,8,20,51.0
Milhouse Van Houten,8,21,0.0
Milhouse Van Houten,8,22,0.0
Milhouse Van Houten,8,23,66.0
Milhouse Van Houten,8,24,0.0
Milhouse Van Houten,8,25,0.0
Milhouse Van Houten,9,1,0.0
Milhouse Van Houten,9,2,0.0
Milhouse Van Houten,9,3,24.0
Milhouse Van Houten,9,4,0.0
Milhouse Van Houten,9,5,12.0
Milhouse Van Houten,9,6,21.0
Milhouse Van Houten,9,7,0.0
Milhouse Van Houten,9,8,12.0
Milhouse Van Houten,9,9,0.0
Milhouse Van Houten,9,10,11.0
Milhouse Van Houten,9,11,0.0
Milhouse Van Houten,9,12,0.0
Milhouse Van Houten,9,13,0.0
Milhouse Van Houten,9,14,204.0
Milhouse Van Houten,9,15,0.0
Milhouse Van Houten,9,16,0.0
Milhouse Van Houten,9,17,39.0
Milhouse Van Houten,9,18,6.0
Milhouse Van Houten,9,19,31.0
Milhouse Van Houten,9,20,4.0
Milhouse Van Houten,9,21,26.0
Milhouse Van Houten,9,22,0.0
Milhouse Van Houten,9,23,31.0
Milhouse Van Houten,9,24,72.0
Milhouse Van Houten,9,25,0.0
Milhouse Van Houten,10,1,114.0
Milhouse Van Houten,10,2,0.0
Milhouse Van Houten,10,3,10.0
Milhouse Van Houten,10,4,0.0
Milhouse Van Houten,10,5,0.0
Milhouse Van Houten,10,6,0.0
Milhouse Van Houten,10,7,1.0
Milhouse Van Houten,10,8,0.0
Milhouse Van Houten,10,9,9.0
Milhouse Van Houten,10,10,0.0
Milhouse Van Houten,10,11,99.0
Milhouse Van Houten,10,12,6.0
Milhouse Van Houten,10,13,0.0
Milhouse Van Houten,10,14,0.0
Milhouse Van Houten,10,15,0.0
Milhouse Van Houten,10,16,4.0
Milhouse Van Houten,10,17,5.0
Milhouse Van Houten,10,18,106.0
Milhouse Van Houten,10,19,23.0
Milhouse Van Houten,10,20,11.0
Milhouse Van Houten,10,21,5.0
Milhouse Van Houten,10,22,0.0
Milhouse Van Houten,10,23,0.0
Milhouse Van Houten,11,1,0.0
Milhouse Van Houten,11,2,30.0
Milhouse Van Houten,11,3,19.0
Milhouse Van Houten,11,4,11.0
Milhouse Van Houten,11,5,0.0
Milhouse Van Houten,11,6,8.0
Milhouse Van Houten,11,7,0.0
Milhouse Van Houten,11,8,13.0
Milhouse Van Houten,11,9,91.0
Milhouse Van Houten,11,10,0.0
Milhouse Van Houten,11,11,108.0
Milhouse Van Houten,11,12,0.0
Milhouse Van Houten,11,13,7.0
Milhouse Van Houten,11,14,0.0
Milhouse Van Houten,11,15,0.0
Milhouse Van Houten,11,16,7.0
Milhouse Van Houten,11,17,59.0
Milhouse Van Houten,11,18,0.0
Milhouse Van Houten,11,19,0.0
Milhouse Van Houten,11,20,90.0
Milhouse Van Houten,11,21,14.0
Milhouse Van Houten,11,22,0.0
Milhouse Van Houten,12,1,0.0
Milhouse Van Houten,12,2,2.0
Milhouse Van Houten,12,3,15.0
Milhouse Van Houten,12,4,10.0
Milhouse Van Houten,12,5,17.0
Milhouse Van Houten,12,6,0.0
Milhouse Van Houten,12,7,0.0
Milhouse Van Houten,12,8,43.0
Milhouse Van Houten,12,9,0.0
Milhouse Van Houten,12,10,6.0
Milhouse Van Houten,12,11,354.0
Milhouse Van Houten,12,12,0.0
Milhouse Van Houten,12,13,0.0
Milhouse Van Houten,12,14,52.0
Milhouse Van Houten,12,15,10.0
Milhouse Van Houten,12,16,43.0
Milhouse Van Houten,12,17,0.0
Milhouse Van Houten,12,18,52.0
Milhouse Van Houten,12,19,10.0
Milhouse Van Houten,12,20,51.0
Milhouse Van Houten,12,21,8.0
Milhouse Van Houten,13,1,27.0
Milhouse Van Houten,13,2,50.0
Milhouse Van Houten,13,3,0.0
Milhouse Van Houten,13,4,0.0
Milhouse Van Houten,13,5,0.0
Milhouse Van Houten,13,6,24.0
Milhouse Van Houten,13,7,12.0
Milhouse Van Houten,13,8,0.0
Milhouse Van Houten,13,9,24.0
Milhouse Van Houten,13,10,24.0
Milhouse Van Houten,13,11,133.0
Milhouse Van Houten,13,12,41.0
Milhouse Van Houten,13,13,0.0
Milhouse Van Houten,13,14,48.0
Milhouse Van Houten,13,15,0.0
Milhouse Van Houten,13,16,0.0
Milhouse Van Houten,13,17,0.0
Milhouse Van Houten,13,18,35.0
Milhouse Van Houten,13,19,7.0
Milhouse Van Houten,13,20,46.0
Milhouse Van Houten,13,21,0.0
Milhouse Van Houten,13,22,0.0
Milhouse Van Houten,14,1,0.0
Milhouse Van Houten,14,2,0.0
Milhouse Van Houten,14,3,6.0
Milhouse Van Houten,14,4,98.0
Milhouse Van Houten,14,5,0.0
Milhouse Van Houten,14,6,0.0
Milhouse Van Houten,14,7,39.0
Milhouse Van Houten,14,8,0.0
Milhouse Van Houten,14,9,12.0
Milhouse Van Houten,14,10,0.0
Milhouse Van Houten,14,11,54.0
Milhouse Van Houten,14,12,28.0
Milhouse Van Houten,14,13,5.0
Milhouse Van Houten,14,14,4.0
Milhouse Van Houten,14,15,14.0
Milhouse Van Houten,14,16,107.0
Milhouse Van Houten,14,17,23.0
Milhouse Van Houten,14,18,0.0
Milhouse Van Houten,14,19,71.0
Milhouse Van Houten,14,20,18.0
Milhouse Van Houten,14,21,185.0
Milhouse Van Houten,14,22,0.0
Milhouse Van Houten,15,1,125.0
Milhouse Van Houten,15,2,0.0
Milhouse Van Houten,15,3,86.0
Milhouse Van Houten,15,4,40.0
Milhouse Van Houten,15,5,0.0
Milhouse Van Houten,15,6,0.0
Milhouse Van Houten,15,7,0.0
Milhouse Van Houten,15,8,0.0
Milhouse Van Houten,15,9,26.0
Milhouse Van Houten,15,10,0.0
Milhouse Van Houten,15,11,42.0
Milhouse Van Houten,15,12,229.0
Milhouse Van Houten,15,13,32.0
Milhouse Van Houten,15,14,0.0
Milhouse Van Houten,15,15,0.0
Milhouse Van Houten,15,16,14.0
Milhouse Van Houten,15,17,12.0
Milhouse Van Houten,15,18,1.0
Milhouse Van Houten,15,19,46.0
Milhouse Van Houten,15,20,83.0
Milhouse Van Houten,15,21,0.0
Milhouse Van Houten,15,22,26.0
Milhouse Van Houten,16,1,0.0
Milhouse Van Houten,16,2,63.0
Milhouse Van Houten,16,3,28.0
Milhouse Van Houten,16,4,0.0
Milhouse Van Houten,16,5,37.0
Milhouse Van Houten,16,6,0.0
Milhouse Van Houten,16,7,0.0
Milhouse Van Houten,16,8,14.0
Milhouse Van Houten,16,9,94.0
Milhouse Van Houten,16,10,36.0
Milhouse Van Houten,16,11,18.0
Milhouse Van Houten,16,12,23.0
Milhouse Van Houten,16,13,0.0
Milhouse Van Houten,16,14,0.0
Milhouse Van Houten,16,15,194.0
Milhouse Van Houten,16,16,0.0
Milhouse Van Houten,16,17,0.0
Milhouse Van Houten,16,18,9.0
Milhouse Van Houten,16,19,0.0
Milhouse Van Houten,16,20,25.0
Milhouse Van Houten,16,21,15.0
Milhouse Van Houten,17,1,0.0
Milhouse Van Houten,17,2,46.0
Milhouse Van Houten,17,3,365.0
Milhouse Van Houten,17,4,19.0
Milhouse Van Houten,17,5,31.0
Milhouse Van Houten,17,6,13.0
Milhouse Van Houten,17,7,197.0
Milhouse Van Houten,17,8,0.0
Milhouse Van Houten,17,9,0.0
Milhouse Van Houten,17,10,0.0
Milhouse Van Houten,17,11,79.0
Milhouse Van Houten,17,12,15.0
Milhouse Van Houten,17,13,4.0
Milhouse Van Houten,17,14,0.0
Milhouse Van Houten,17,15,0.0
Milhouse Van Houten,17,16,0.0
Milhouse Van Houten,17,17,0.0
Milhouse Van Houten,17,18,10.0
Milhouse Van Houten,17,19,66.0
Milhouse Van Houten,17,20,32.0
Milhouse Van Houten,17,21,9.0
Milhouse Van Houten,17,22,0.0
Milhouse Van Houten,18,1,19.0
Milhouse Van Houten,18,2,0.0
Milhouse Van Houten,18,3,25.0
Milhouse Van Houten,18,4,21.0
Milhouse Van Houten,18,5,37.0
Milhouse Van Houten,18,6,0.0
Milhouse Van Houten,18,7,5.0
Milhouse Van Houten,18,8,103.0
Milhouse Van Houten,18,9,4.0
Milhouse Van Houten,18,10,7.0
Milhouse Van Houten,18,11,132.0
Milhouse Van Houten,18,12,0.0
Milhouse Van Houten,18,13,0.0
Milhouse Van Houten,18,14,20.0
Milhouse Van Houten,18,15,0.0
Milhouse Van Houten,18,16,0.0
Milhouse Van Houten,18,17,28.0
Milhouse Van Houten,18,18,56.0
Milhouse Van Houten,18,19,22.0
Milhouse Van Houten,18,20,0.0
Milhouse Van Houten,18,21,55.0
Milhouse Van Houten,18,22,0.0
Milhouse Van Houten,19,1,32.0
Milhouse Van Houten,19,2,0.0
Milhouse Van Houten,19,3,7.0
Milhouse Van Houten,19,4,0.0
Milhouse Van Houten,19,5,42.0
Milhouse Van Houten,19,6,321.0
Milhouse Van Houten,19,7,37.0
Milhouse Van Houten,19,8,88.0
Milhouse Van Houten,19,9,0.0
Milhouse Van Houten,19,10,0.0
Milhouse Van Houten,19,11,0.0
Milhouse Van Houten,19,12,54.0
Milhouse Van Houten,19,13,24.0
Milhouse Van Houten,19,14,0.0
Milhouse Van Houten,19,15,7.0
Milhouse Van Houten,19,16,0.0
Milhouse Van Houten,19,17,0.0
Milhouse Van Houten,19,18,0.0
Milhouse Van Houten,19,19,0.0
Milhouse Van Houten,19,20,24.0
Milhouse Van Houten,20,1,0.0
Milhouse Van Houten,20,2,183.0
Milhouse Van Houten,20,3,66.0
Milhouse Van Houten,20,5,0.0
Milhouse Van Houten,20,6,0.0
Milhouse Van Houten,20,7,0.0
Milhouse Van Houten,20,8,0.0
Milhouse Van Houten,20,9,0.0
Milhouse Van Houten,20,10,0.0
Milhouse Van Houten,20,11,27.0
Milhouse Van Houten,20,12,0.0
Milhouse Van Houten,20,13,11.0
Milhouse Van Houten,20,14,0.0
Milhouse Van Houten,20,15,0.0
Milhouse Van Houten,20,16,0.0
Milhouse Van Houten,20,17,272.0
Milhouse Van Houten,20,18,0.0
Milhouse Van Houten,20,19,32.0
Milhouse Van Houten,20,20,0.0
Milhouse Van Houten,21,1,37.0
Milhouse Van Houten,21,2,130.0
Milhouse Van Houten,21,3,9.0
Milhouse Van Houten,21,4,0.0
Milhouse Van Houten,21,5,13.0
Milhouse Van Houten,21,7,0.0
Milhouse Van Houten,21,8,25.0
Milhouse Van Houten,21,9,4.0
Milhouse Van Houten,21,10,79.0
Milhouse Van Houten,21,11,15.0
Milhouse Van Houten,21,12,0.0
Milhouse Van Houten,21,13,54.0
Milhouse Van Houten,21,14,53.0
Milhouse Van Houten,21,15,40.0
Milhouse Van Houten,21,16,0.0
Milhouse Van Houten,21,17,5.0
Milhouse Van Houten,21,18,12.0
Milhouse Van Houten,21,19,19.0
Milhouse Van Houten,21,20,12.0
Milhouse Van Houten,21,21,7.0
Milhouse Van Houten,21,22,86.0
Milhouse Van Houten,21,23,0.0
Milhouse Van Houten,22,1,0.0
Milhouse Van Houten,22,2,39.0
Milhouse Van Houten,22,3,42.0
Milhouse Van Houten,22,4,101.0
Milhouse Van Houten,22,5,0.0
Milhouse Van Houten,22,6,0.0
Milhouse Van Houten,22,7,46.0
Milhouse Van Houten,22,8,11.0
Milhouse Van Houten,22,9,0.0
Milhouse Van Houten,22,10,78.0
Milhouse Van Houten,22,11,3.0
Milhouse Van Houten,22,12,24.0
Milhouse Van Houten,22,13,47.0
Milhouse Van Houten,22,14,0.0
Milhouse Van Houten,22,15,14.0
Milhouse Van Houten,22,16,0.0
Milhouse Van Houten,22,17,0.0
Milhouse Van Houten,22,18,1.0
Milhouse Van Houten,22,19,0.0
Milhouse Van Houten,22,20,392.0
Milhouse Van Houten,22,21,3.0
Milhouse Van Houten,22,22,10.0
Milhouse Van Houten,23,1,0.0
Milhouse Van Houten,23,2,35.0
Milhouse Van Houten,23,3,37.0
Milhouse Van Houten,23,4,46.0
Milhouse Van Houten,23,5,0.0
Milhouse Van Houten,23,6,6.0
Milhouse Van Houten,23,7,18.0
Milhouse Van Houten,23,8,0.0
Milhouse Van Houten,23,9,85.0
Milhouse Van Houten,23,10,0.0
Milhouse Van Houten,23,11,19.0
Milhouse Van Houten,23,12,126.0
Milhouse Van Houten,23,13,104.0
Milhouse Van Houten,23,14,0.0
Milhouse Van Houten,23,15,74.0
Milhouse Van Houten,23,16,0.0
Milhouse Van Houten,23,17,9.0
Milhouse Van Houten,23,18,8.0
Milhouse Van Houten,23,19,10.0
Milhouse Van Houten,23,20,9.0
Milhouse Van Houten,23,21,21.0
Milhouse Van Houten,23,22,78.0
Milhouse Van Houten,24,1,64.0
Milhouse Van Houten,24,2,8.0
Milhouse Van Houten,24,3,103.0
Milhouse Van Houten,24,4,14.0
Milhouse Van Houten,24,5,10.0
Milhouse Van Houten,24,6,0.0
Milhouse Van Houten,24,7,0.0
Milhouse Van Houten,24,8,0.0
Milhouse Van Houten,24,9,3.0
Milhouse Van Houten,24,10,18.0
Milhouse Van Houten,24,11,0.0
Milhouse Van Houten,24,12,29.0
Milhouse Van Houten,24,13,517.0
Milhouse Van Houten,24,14,8.0
Milhouse Van Houten,24,15,0.0
Milhouse Van Houten,24,16,19.0
Milhouse Van Houten,24,17,301.0
Milhouse Van Houten,24,18,40.0
Milhouse Van Houten,24,19,3.0
Milhouse Van Houten,24,20,11.0
Milhouse Van Houten,24,21,0.0
Milhouse Van Houten,24,22,0.0
Milhouse Van Houten,25,1,13.0
Milhouse Van Houten,25,2,11.0
Milhouse Van Houten,25,3,13.0
Milhouse Van Houten,25,4,72.0
Milhouse Van Houten,25,5,21.0
Milhouse Van Houten,25,6,70.0
Milhouse Van Houten,25,7,6.0
Milhouse Van Houten,25,8,17.0
Milhouse Van Houten,25,9,9.0
Milhouse Van Houten,25,10,73.0
Milhouse Van Houten,25,11,39.0
Milhouse Van Houten,25,12,116.0
Milhouse Van Houten,25,13,0.0
Milhouse Van Houten,25,14,4.0
Milhouse Van Houten,25,15,55.0
Milhouse Van Houten,25,16,0.0
Milhouse Van Houten,25,17,180.0
Milhouse Van Houten,25,18,87.0
Milhouse Van Houten,25,19,52.0
Milhouse Van Houten,25,21,12.0
Milhouse Van Houten,25,22,190.0
Milhouse Van Houten,26,1,5.0
Milhouse Van Houten,26,2,24.0
Milhouse Van Houten,26,3,0.0
Milhouse Van Houten,26,4,0.0
Milhouse Van Houten,26,5,0.0
Milhouse Van Houten,26,6,14.0
Milhouse Van Houten,26,7,178.0
Milhouse Van Houten,26,8,0.0
Milhouse Van Houten,26,9,0.0
Milhouse Van Houten,26,10,0.0
Milhouse Van Houten,26,11,21.0
Milhouse Van Houten,26,12,5.0
Milhouse Van Houten,26,13,64.0
Milhouse Van Houten,26,14,11.0
Milhouse Van Houten,26,15,0.0
Milhouse Van Houten,26,16,0.0
Moe Szyslak,1,1,26.0
Moe Szyslak,1,2,0.0
Moe Szyslak,1,3,80.0
Moe Szyslak,1,4,31.0
Moe Szyslak,1,5,0.0
Moe Szyslak,1,6,53.0
Moe Szyslak,1,7,0.0
Moe Szyslak,1,8,27.0
Moe Szyslak,1,9,0.0
Moe Szyslak,1,10,19.0
Moe Szyslak,1,11,0.0
Moe Szyslak,1,12,0.0
Moe Szyslak,1,13,208.0
Moe Szyslak,2,1,0.0
Moe Szyslak,2,2,0.0
Moe Szyslak,2,3,0.0
Moe Szyslak,2,4,11.0
Moe Szyslak,2,5,22.0
Moe Szyslak,2,6,0.0
Moe Szyslak,2,7,0.0
Moe Szyslak,2,8,10.0
Moe Szyslak,2,9,0.0
Moe Szyslak,2,10,55.0
Moe Szyslak,2,11,55.0
Moe Szyslak,2,12,0.0
Moe Szyslak,2,13,30.0
Moe Szyslak,2,14,88.0
Moe Szyslak,2,15,0.0
Moe Szyslak,2,16,0.0
Moe Szyslak,2,17,48.0
Moe Szyslak,2,18,0.0
Moe Szyslak,2,19,0.0
Moe Szyslak,2,20,2.0
Moe Szyslak,2,21,0.0
Moe Szyslak,2,22,68.0
Moe Szyslak,3,1,4.0
Moe Szyslak,3,2,11.0
Moe Szyslak,3,3,16.0
Moe Szyslak,3,4,0.0
Moe Szyslak,3,5,31.0
Moe Szyslak,3,6,7.0
Moe Szyslak,3,7,41.0
Moe Szyslak,3,8,31.0
Moe Szyslak,3,9,0.0
Moe Szyslak,3,10,673.0
Moe Szyslak,3,11,143.0
Moe Szyslak,3,12,0.0
Moe Szyslak,3,13,0.0
Moe Szyslak,3,14,149.0
Moe Szyslak,3,15,0.0
Moe Szyslak,3,16,0.0
Moe Szyslak,3,17,30.0
Moe Szyslak,3,18,0.0
Moe Szyslak,3,19,23.0
Moe Szyslak,3,20,36.0
Moe Szyslak,3,21,0.0
Moe Szyslak,3,22,0.0
Moe Szyslak,3,23,0.0
Moe Szyslak,3,24,17.0
Moe Szyslak,4,1,0.0
Moe Szyslak,4,2,0.0
Moe Szyslak,4,3,14.0
Moe Szyslak,4,4,2.0
Moe Szyslak,4,5,0.0
Moe Szyslak,4,6,0.0
Moe Szyslak,4,7,0.0
Moe Szyslak,4,8,154.0
Moe Szyslak,4,9,42.0
Moe Szyslak,4,10,0.0
Moe Szyslak,4,11,37.0
Moe Szyslak,4,12,0.0
Moe Szyslak,4,13,0.0
Moe Szyslak,4,14,0.0
Moe Szyslak,4,15,10.0
Moe Szyslak,4,16,46.0
Moe Szyslak,4,17,0.0
Moe Szyslak,4,18,11.0
Moe Szyslak,4,19,0.0
Moe Szyslak,4,20,0.0
Moe Szyslak,4,21,0.0
Moe Szyslak,4,22,60.0
Moe Szyslak,5,1,43.0
Moe Szyslak,5,2,19.0
Moe Szyslak,5,3,0.0
Moe Szyslak,5,4,24.0
Moe Szyslak,5,5,0.0
Moe Szyslak,5,6,13.0
Moe Szyslak,5,7,54.0
Moe Szyslak,5,8,12.0
Moe Szyslak,5,9,8.0
Moe Szyslak,5,10,0.0
Moe Szyslak,5,11,24.0
Moe Szyslak,5,12,0.0
Moe Szyslak,5,13,0.0
Moe Szyslak,5,14,0.0
Moe Szyslak,5,15,0.0
Moe Szyslak,5,16,59.0
Moe Szyslak,5,17,16.0
Moe Szyslak,5,18,22.0
Moe Szyslak,5,19,0.0
Moe Szyslak,5,20,35.0
Moe Szyslak,5,21,0.0
Moe Szyslak,5,22,247.0
Moe Szyslak,6,1,0.0
Moe Szyslak,6,2,0.0
Moe Szyslak,6,3,62.0
Moe Szyslak,6,4,0.0
Moe Szyslak,6,5,35.0
Moe Szyslak,6,6,104.0
Moe Szyslak,6,7,8.0
Moe Szyslak,6,8,84.0
Moe Szyslak,6,9,40.0
Moe Szyslak,6,10,0.0
Moe Szyslak,6,11,126.0
Moe Szyslak,6,12,96.0
Moe Szyslak,6,13,10.0
Moe Szyslak,6,14,112.0
Moe Szyslak,6,15,0.0
Moe Szyslak,6,16,0.0
Moe Szyslak,6,17,64.0
Moe Szyslak,6,18,36.0
Moe Szyslak,6,19,24.0
Moe Szyslak,6,20,0.0
Moe Szyslak,6,21,76.0
Moe Szyslak,6,22,12.0
Moe Szyslak,6,23,97.0
Moe Szyslak,6,24,0.0
Moe Szyslak,6,25,27.0
Moe Szyslak,7,1,79.0
Moe Szyslak,7,2,102.0
Moe Szyslak,7,3,0.0
Moe Szyslak,7,4,495.0
Moe Szyslak,7,5,0.0
Moe Szyslak,7,6,0.0
Moe Szyslak,7,7,0.0
Moe Szyslak,7,8,0.0
Moe Szyslak,7,9,1.0
Moe Szyslak,7,10,0.0
Moe Szyslak,7,11,0.0
Moe Szyslak,7,12,311.0
Moe Szyslak,7,13,2.0
Moe Szyslak,7,14,0.0
Moe Szyslak,7,15,5.0
Moe Szyslak,7,16,72.0
Moe Szyslak,7,17,88.0
Moe Szyslak,7,18,0.0
Moe Szyslak,7,19,0.0
Moe Szyslak,7,20,16.0
Moe Szyslak,7,21,87.0
Moe Szyslak,7,22,0.0
Moe Szyslak,7,23,64.0
Moe Szyslak,7,24,0.0
Moe Szyslak,7,25,0.0
Moe Szyslak,8,1,0.0
Moe Szyslak,8,2,2.0
Moe Szyslak,8,3,734.0
Moe Szyslak,8,4,16.0
Moe Szyslak,8,5,22.0
Moe Szyslak,8,6,0.0
Moe Szyslak,8,7,0.0
Moe Szyslak,8,8,32.0
Moe Szyslak,8,9,12.0
Moe Szyslak,8,10,82.0
Moe Szyslak,8,11,22.0
Moe Szyslak,8,12,0.0
Moe Szyslak,8,13,26.0
Moe Szyslak,8,14,15.0
Moe Szyslak,8,15,253.0
Moe Szyslak,8,16,0.0
Moe Szyslak,8,17,12.0
Moe Szyslak,8,18,124.0
Moe Szyslak,8,19,0.0
Moe Szyslak,8,20,20.0
Moe Szyslak,8,21,13.0
Moe Szyslak,8,22,83.0
Moe Szyslak,8,23,90.0
Moe Szyslak,8,24,308.0
Moe Szyslak,8,25,0.0
Moe Szyslak,9,1,89.0
Moe Szyslak,9,2,0.0
Moe Szyslak,9,3,21.0
Moe Szyslak,9,4,37.0
Moe Szyslak,9,5,124.0
Moe Szyslak,9,6,0.0
Moe Szyslak,9,7,81.0
Moe Szyslak,9,8,80.0
Moe Szyslak,9,9,62.0
Moe Szyslak,9,10,85.0
Moe Szyslak,9,11,0.0
Moe Szyslak,9,12,0.0
Moe Szyslak,9,13,88.0
Moe Szyslak,9,14,0.0
Moe Szyslak,9,15,46.0
Moe Szyslak,9,16,1217.0
Moe Szyslak,9,17,0.0
Moe Szyslak,9,18,0.0
Moe Szyslak,9,19,105.0
Moe Szyslak,9,20,70.0
Moe Szyslak,9,21,0.0
Moe Szyslak,9,22,83.0
Moe Szyslak,9,23,0.0
Moe Szyslak,9,24,11.0
Moe Szyslak,9,25,19.0
Moe Szyslak,10,1,0.0
Moe Szyslak,10,2,34.0
Moe Szyslak,10,3,18.0
Moe Szyslak,10,4,39.0
Moe Szyslak,10,5,89.0
Moe Szyslak,10,6,0.0
Moe Szyslak,10,7,0.0
Moe Szyslak,10,8,65.0
Moe Szyslak,10,9,93.0
Moe Szyslak,10,10,9.0
Moe Szyslak,10,11,28.0
Moe Szyslak,10,12,71.0
Moe Szyslak,10,13,48.0
Moe Szyslak,10,14,106.0
Moe Szyslak,10,15,32.0
Moe Szyslak,10,16,52.0
Moe Szyslak,10,17,0.0
Moe Szyslak,10,18,0.0
Moe Szyslak,10,19,52.0
Moe Szyslak,10,20,25.0
Moe Szyslak,10,21,28.0
Moe Szyslak,10,22,54.0
Moe Szyslak,10,23,13.0
Moe Szyslak,11,1,15.0
Moe Szyslak,11,2,42.0
Moe Szyslak,11,3,0.0
Moe Szyslak,11,4,0.0
Moe Szyslak,11,5,64.0
Moe Szyslak,11,6,38.0
Moe Szyslak,11,7,0.0
Moe Szyslak,11,8,30.0
Moe Szyslak,11,9,41.0
Moe Szyslak,11,10,46.0
Moe Szyslak,11,11,0.0
Moe Szyslak,11,12,109.0
Moe Szyslak,11,13,32.0
Moe Szyslak,11,14,96.0
Moe Szyslak,11,15,0.0
Moe Szyslak,11,16,881.0
Moe Szyslak,11,17,12.0
Moe Szyslak,11,18,189.0
Moe Szyslak,11,19,0.0
Moe Szyslak,11,20,0.0
Moe Szyslak,11,21,37.0
Moe Szyslak,11,22,39.0
Moe Szyslak,12,1,12.0
Moe Szyslak,12,2,48.0
Moe Szyslak,12,3,6.0
Moe Szyslak,12,4,59.0
Moe Szyslak,12,5,6.0
Moe Szyslak,12,6,45.0
Moe Szyslak,12,7,0.0
Moe Szyslak,12,8,0.0
Moe Szyslak,12,9,73.0
Moe Szyslak,12,10,42.0
Moe Szyslak,12,11,54.0
Moe Szyslak,12,12,19.0
Moe Szyslak,12,13,87.0
Moe Szyslak,12,14,12.0
Moe Szyslak,12,15,36.0
Moe Szyslak,12,16,0.0
Moe Szyslak,12,17,13.0
Moe Szyslak,12,18,42.0
Moe Szyslak,12,19,29.0
Moe Szyslak,12,20,13.0
Moe Szyslak,12,21,94.0
Moe Szyslak,13,1,14.0
Moe Szyslak,13,2,33.0
Moe Szyslak,13,3,754.0
Moe Szyslak,13,4,0.0
Moe Szyslak,13,5,416.0
Moe Szyslak,13,6,0.0
Moe Szyslak,13,7,26.0
Moe Szyslak,13,8,42.0
Moe Szyslak,13,9,56.0
Moe Szyslak,13,10,40.0
Moe Szyslak,13,11,25.0
Moe Szyslak,13,12,0.0
Moe Szyslak,13,13,0.0
Moe Szyslak,13,14,197.0
Moe Szyslak,13,15,0.0
Moe Szyslak,13,16,86.0
Moe Szyslak,13,17,12.0
Moe Szyslak,13,18,19.0
Moe Szyslak,13,19,32.0
Moe Szyslak,13,20,0.0
Moe Szyslak,13,21,85.0
Moe Szyslak,13,22,24.0
Moe Szyslak,14,1,27.0
Moe Szyslak,14,2,91.0
Moe Szyslak,14,3,0.0
Moe Szyslak,14,4,30.0
Moe Szyslak,14,5,87.0
Moe Szyslak,14,6,24.0
Moe Szyslak,14,7,0.0
Moe Szyslak,14,8,65.0
Moe Szyslak,14,9,53.0
Moe Szyslak,14,10,106.0
Moe Szyslak,14,11,0.0
Moe Szyslak,14,12,43.0
Moe Szyslak,14,13,52.0
Moe Szyslak,14,14,34.0
Moe Szyslak,14,15,32.0
Moe Szyslak,14,16,42.0
Moe Szyslak,14,17,45.0
Moe Szyslak,14,18,47.0
Moe Szyslak,14,19,43.0
Moe Szyslak,14,20,81.0
Moe Szyslak,14,21,16.0
Moe Szyslak,14,22,1056.0
Moe Szyslak,15,1,36.0
Moe Szyslak,15,2,27.0
Moe Szyslak,15,3,0.0
Moe Szyslak,15,4,38.0
Moe Szyslak,15,5,0.0
Moe Szyslak,15,6,23.0
Moe Szyslak,15,7,27.0
Moe Szyslak,15,8,24.0
Moe Szyslak,15,9,20.0
Moe Szyslak,15,10,39.0
Moe Szyslak,15,11,54.0
Moe Szyslak,15,12,21.0
Moe Szyslak,15,13,21.0
Moe Szyslak,15,14,90.0
Moe Szyslak,15,15,170.0
Moe Szyslak,15,16,19.0
Moe Szyslak,15,17,47.0
Moe Szyslak,15,18,11.0
Moe Szyslak,15,19,10.0
Moe Szyslak,15,20,97.0
Moe Szyslak,15,21,52.0
Moe Szyslak,15,22,7.0
Moe Szyslak,16,1,0.0
Moe Szyslak,16,2,24.0
Moe Szyslak,16,3,17.0
Moe Szyslak,16,4,23.0
Moe Szyslak,16,5,18.0
Moe Szyslak,16,6,32.0
Moe Szyslak,16,7,725.0
Moe Szyslak,16,8,37.0
Moe Szyslak,16,9,0.0
Moe Szyslak,16,10,68.0
Moe Szyslak,16,11,0.0
Moe Szyslak,16,12,0.0
Moe Szyslak,16,13,6.0
Moe Szyslak,16,14,21.0
Moe Szyslak,16,15,78.0
Moe Szyslak,16,16,40.0
Moe Szyslak,16,17,0.0
Moe Szyslak,16,18,0.0
Moe Szyslak,16,19,90.0
Moe Szyslak,16,20,27.0
Moe Szyslak,16,21,0.0
Moe Szyslak,17,1,49.0
Moe Szyslak,17,2,0.0
Moe Szyslak,17,3,0.0
Moe Szyslak,17,4,132.0
Moe Szyslak,17,5,273.0
Moe Szyslak,17,6,56.0
Moe Szyslak,17,7,12.0
Moe Szyslak,17,8,0.0
Moe Szyslak,17,9,38.0
Moe Szyslak,17,10,55.0
Moe Szyslak,17,11,51.0
Moe Szyslak,17,12,48.0
Moe Szyslak,17,13,562.0
Moe Szyslak,17,14,0.0
Moe Szyslak,17,15,19.0
Moe Szyslak,17,16,0.0
Moe Szyslak,17,17,13.0
Moe Szyslak,17,18,172.0
Moe Szyslak,17,19,0.0
Moe Szyslak,17,20,61.0
Moe Szyslak,17,21,19.0
Moe Szyslak,17,22,89.0
Moe Szyslak,18,1,51.0
Moe Szyslak,18,2,31.0
Moe Szyslak,18,3,0.0
Moe Szyslak,18,4,18.0
Moe Szyslak,18,5,88.0
Moe Szyslak,18,6,776.0
Moe Szyslak,18,7,54.0
Moe Szyslak,18,8,8.0
Moe Szyslak,18,9,27.0
Moe Szyslak,18,10,58.0
Moe Szyslak,18,11,0.0
Moe Szyslak,18,12,3.0
Moe Szyslak,18,13,154.0
Moe Szyslak,18,14,0.0
Moe Szyslak,18,15,16.0
Moe Szyslak,18,16,33.0
Moe Szyslak,18,17,154.0
Moe Szyslak,18,18,81.0
Moe Szyslak,18,19,277.0
Moe Szyslak,18,20,0.0
Moe Szyslak,18,21,13.0
Moe Szyslak,18,22,0.0
Moe Szyslak,19,1,0.0
Moe Szyslak,19,2,10.0
Moe Szyslak,19,3,76.0
Moe Szyslak,19,4,11.0
Moe Szyslak,19,5,13.0
Moe Szyslak,19,6,0.0
Moe Szyslak,19,7,0.0
Moe Szyslak,19,8,53.0
Moe Szyslak,19,9,166.0
Moe Szyslak,19,10,38.0
Moe Szyslak,19,11,28.0
Moe Szyslak,19,12,87.0
Moe Szyslak,19,13,0.0
Moe Szyslak,19,14,3.0
Moe Szyslak,19,15,0.0
Moe Szyslak,19,16,66.0
Moe Szyslak,19,17,0.0
Moe Szyslak,19,18,0.0
Moe Szyslak,19,19,50.0
Moe Szyslak,19,20,2.0
Moe Szyslak,20,1,11.0
Moe Szyslak,20,2,15.0
Moe Szyslak,20,3,39.0
Moe Szyslak,20,5,0.0
Moe Szyslak,20,6,85.0
Moe Szyslak,20,7,48.0
Moe Szyslak,20,8,104.0
Moe Szyslak,20,9,0.0
Moe Szyslak,20,10,17.0
Moe Szyslak,20,11,0.0
Moe Szyslak,20,12,97.0
Moe Szyslak,20,13,0.0
Moe Szyslak,20,14,104.0
Moe Szyslak,20,15,32.0
Moe Szyslak,20,16,1141.0
Moe Szyslak,20,17,0.0
Moe Szyslak,20,18,50.0
Moe Szyslak,20,19,0.0
Moe Szyslak,20,20,0.0
Moe Szyslak,21,1,11.0
Moe Szyslak,21,2,22.0
Moe Szyslak,21,3,68.0
Moe Szyslak,21,4,385.0
Moe Szyslak,21,5,0.0
Moe Szyslak,21,7,148.0
Moe Szyslak,21,8,0.0
Moe Szyslak,21,9,16.0
Moe Szyslak,21,10,32.0
Moe Szyslak,21,11,31.0
Moe Szyslak,21,12,22.0
Moe Szyslak,21,13,0.0
Moe Szyslak,21,14,10.0
Moe Szyslak,21,15,0.0
Moe Szyslak,21,16,0.0
Moe Szyslak,21,17,78.0
Moe Szyslak,21,18,9.0
Moe Szyslak,21,19,15.0
Moe Szyslak,21,20,15.0
Moe Szyslak,21,21,620.0
Moe Szyslak,21,22,0.0
Moe Szyslak,21,23,672.0
Moe Szyslak,22,1,20.0
Moe Szyslak,22,2,0.0
Moe Szyslak,22,3,61.0
Moe Szyslak,22,4,7.0
Moe Szyslak,22,5,13.0
Moe Szyslak,22,6,0.0
Moe Szyslak,22,7,73.0
Moe Szyslak,22,8,242.0
Moe Szyslak,22,9,150.0
Moe Szyslak,22,10,26.0
Moe Szyslak,22,11,705.0
Moe Szyslak,22,12,0.0
Moe Szyslak,22,13,220.0
Moe Szyslak,22,14,0.0
Moe Szyslak,22,15,17.0
Moe Szyslak,22,16,10.0
Moe Szyslak,22,17,49.0
Moe Szyslak,22,18,0.0
Moe Szyslak,22,19,0.0
Moe Szyslak,22,20,15.0
Moe Szyslak,22,21,0.0
Moe Szyslak,22,22,40.0
Moe Szyslak,23,1,78.0
Moe Szyslak,23,2,0.0
Moe Szyslak,23,3,24.0
Moe Szyslak,23,4,22.0
Moe Szyslak,23,5,0.0
Moe Szyslak,23,6,180.0
Moe Szyslak,23,7,0.0
Moe Szyslak,23,8,31.0
Moe Szyslak,23,9,16.0
Moe Szyslak,23,10,8.0
Moe Szyslak,23,11,0.0
Moe Szyslak,23,12,165.0
Moe Szyslak,23,13,18.0
Moe Szyslak,23,14,36.0
Moe Szyslak,23,15,35.0
Moe Szyslak,23,16,15.0
Moe Szyslak,23,17,91.0
Moe Szyslak,23,18,12.0
Moe Szyslak,23,19,11.0
Moe Szyslak,23,20,41.0
Moe Szyslak,23,21,29.0
Moe Szyslak,23,22,35.0
Moe Szyslak,24,1,30.0
Moe Szyslak,24,2,0.0
Moe Szyslak,24,3,62.0
Moe Szyslak,24,4,67.0
Moe Szyslak,24,5,147.0
Moe Szyslak,24,6,152.0
Moe Szyslak,24,7,13.0
Moe Szyslak,24,8,0.0
Moe Szyslak,24,9,38.0
Moe Szyslak,24,10,7.0
Moe Szyslak,24,11,18.0
Moe Szyslak,24,12,0.0
Moe Szyslak,24,13,35.0
Moe Szyslak,24,14,19.0
Moe Szyslak,24,15,0.0
Moe Szyslak,24,16,80.0
Moe Szyslak,24,17,97.0
Moe Szyslak,24,18,92.0
Moe Szyslak,24,19,695.0
Moe Szyslak,24,20,75.0
Moe Szyslak,24,21,552.0
Moe Szyslak,24,22,55.0
Moe Szyslak,25,1,33.0
Moe Szyslak,25,2,164.0
Moe Szyslak,25,3,0.0
Moe Szyslak,25,4,22.0
Moe Szyslak,25,5,46.0
Moe Szyslak,25,6,0.0
Moe Szyslak,25,7,0.0
Moe Szyslak,25,8,24.0
Moe Szyslak,25,9,0.0
Moe Szyslak,25,10,0.0
Moe Szyslak,25,11,152.0
Moe Szyslak,25,12,0.0
Moe Szyslak,25,13,0.0
Moe Szyslak,25,14,30.0
Moe Szyslak,25,15,11.0
Moe Szyslak,25,16,0.0
Moe Szyslak,25,17,58.0
Moe Szyslak,25,18,115.0
Moe Szyslak,25,19,167.0
Moe Szyslak,25,21,0.0
Moe Szyslak,25,22,0.0
Moe Szyslak,26,1,0.0
Moe Szyslak,26,2,12.0
Moe Szyslak,26,3,53.0
Moe Szyslak,26,4,0.0
Moe Szyslak,26,5,11.0
Moe Szyslak,26,6,32.0
Moe Szyslak,26,7,0.0
Moe Szyslak,26,8,69.0
Moe Szyslak,26,9,295.0
Moe Szyslak,26,10,0.0
Moe Szyslak,26,11,0.0
Moe Szyslak,26,12,0.0
Moe Szyslak,26,13,111.0
Moe Szyslak,26,14,657.0
Moe Szyslak,26,15,656.0
Moe Szyslak,26,16,0.0
Ned Flanders,1,1,56.0
Ned Flanders,1,2,0.0
Ned Flanders,1,3,0.0
Ned Flanders,1,4,0.0
Ned Flanders,1,5,0.0
Ned Flanders,1,6,0.0
Ned Flanders,1,7,27.0
Ned Flanders,1,8,0.0
Ned Flanders,1,9,0.0
Ned Flanders,1,10,0.0
Ned Flanders,1,11,0.0
Ned Flanders,1,12,0.0
Ned Flanders,1,13,0.0
Ned Flanders,2,1,0.0
Ned Flanders,2,2,0.0
Ned Flanders,2,3,0.0
Ned Flanders,2,4,0.0
Ned Flanders,2,5,0.0
Ned Flanders,2,6,597.0
Ned Flanders,2,7,0.0
Ned Flanders,2,8,26.0
Ned Flanders,2,9,0.0
Ned Flanders,2,10,0.0
Ned Flanders,2,11,55.0
Ned Flanders,2,12,0.0
Ned Flanders,2,13,81.0
Ned Flanders,2,14,0.0
Ned Flanders,2,15,0.0
Ned Flanders,2,16,101.0
Ned Flanders,2,17,0.0
Ned Flanders,2,18,0.0
Ned Flanders,2,19,0.0
Ned Flanders,2,20,79.0
Ned Flanders,2,21,0.0
Ned Flanders,2,22,0.0
Ned Flanders,3,1,0.0
Ned Flanders,3,2,0.0
Ned Flanders,3,3,650.0
Ned Flanders,3,4,0.0
Ned Flanders,3,5,0.0
Ned Flanders,3,6,0.0
Ned Flanders,3,7,60.0
Ned Flanders,3,8,7.0
Ned Flanders,3,9,11.0
Ned Flanders,3,10,0.0
Ned Flanders,3,11,0.0
Ned Flanders,3,12,0.0
Ned Flanders,3,13,0.0
Ned Flanders,3,14,0.0
Ned Flanders,3,15,0.0
Ned Flanders,3,16,245.0
Ned Flanders,3,17,0.0
Ned Flanders,3,18,0.0
Ned Flanders,3,19,13.0
Ned Flanders,3,20,0.0
Ned Flanders,3,21,0.0
Ned Flanders,3,22,0.0
Ned Flanders,3,23,0.0
Ned Flanders,3,24,55.0
Ned Flanders,4,1,0.0
Ned Flanders,4,2,135.0
Ned Flanders,4,3,80.0
Ned Flanders,4,4,0.0
Ned Flanders,4,5,40.0
Ned Flanders,4,6,0.0
Ned Flanders,4,7,12.0
Ned Flanders,4,8,0.0
Ned Flanders,4,9,12.0
Ned Flanders,4,10,112.0
Ned Flanders,4,11,58.0
Ned Flanders,4,12,1.0
Ned Flanders,4,13,0.0
Ned Flanders,4,14,7.0
Ned Flanders,4,15,20.0
Ned Flanders,4,16,34.0
Ned Flanders,4,17,0.0
Ned Flanders,4,18,15.0
Ned Flanders,4,19,19.0
Ned Flanders,4,20,0.0
Ned Flanders,4,21,66.0
Ned Flanders,4,22,0.0
Ned Flanders,5,1,23.0
Ned Flanders,5,2,31.0
Ned Flanders,5,3,0.0
Ned Flanders,5,4,21.0
Ned Flanders,5,5,28.0
Ned Flanders,5,6,6.0
Ned Flanders,5,7,25.0
Ned Flanders,5,8,353.0
Ned Flanders,5,9,24.0
Ned Flanders,5,10,5.0
Ned Flanders,5,11,62.0
Ned Flanders,5,12,2.0
Ned Flanders,5,13,0.0
Ned Flanders,5,14,0.0
Ned Flanders,5,15,0.0
Ned Flanders,5,16,449.0
Ned Flanders,5,17,10.0
Ned Flanders,5,18,0.0
Ned Flanders,5,19,192.0
Ned Flanders,5,20,7.0
Ned Flanders,5,21,0.0
Ned Flanders,5,22,16.0
Ned Flanders,6,1,107.0
Ned Flanders,6,2,13.0
Ned Flanders,6,3,0.0
Ned Flanders,6,4,0.0
Ned Flanders,6,5,0.0
Ned Flanders,6,6,81.0
Ned Flanders,6,7,0.0
Ned Flanders,6,8,0.0
Ned Flanders,6,9,0.0
Ned Flanders,6,10,8.0
Ned Flanders,6,11,0.0
Ned Flanders,6,12,0.0
Ned Flanders,6,13,0.0
Ned Flanders,6,14,160.0
Ned Flanders,6,15,44.0
Ned Flanders,6,16,0.0
Ned Flanders,6,17,0.0
Ned Flanders,6,18,42.0
Ned Flanders,6,19,22.0
Ned Flanders,6,20,14.0
Ned Flanders,6,21,94.0
Ned Flanders,6,22,0.0
Ned Flanders,6,23,34.0
Ned Flanders,6,24,78.0
Ned Flanders,6,25,17.0
Ned Flanders,7,1,0.0
Ned Flanders,7,2,0.0
Ned Flanders,7,3,336.0
Ned Flanders,7,4,22.0
Ned Flanders,7,5,51.0
Ned Flanders,7,6,17.0
Ned Flanders,7,7,16.0
Ned Flanders,7,8,33.0
Ned Flanders,7,9,0.0
Ned Flanders,7,10,0.0
Ned Flanders,7,11,0.0
Ned Flanders,7,12,3.0
Ned Flanders,7,13,126.0
Ned Flanders,7,14,0.0
Ned Flanders,7,15,0.0
Ned Flanders,7,16,44.0
Ned Flanders,7,17,0.0
Ned Flanders,7,18,0.0
Ned Flanders,7,19,0.0
Ned Flanders,7,20,0.0
Ned Flanders,7,21,71.0
Ned Flanders,7,22,52.0
Ned Flanders,7,23,32.0
Ned Flanders,7,24,0.0
Ned Flanders,7,25,105.0
Ned Flanders,8,1,0.0
Ned Flanders,8,2,41.0
Ned Flanders,8,3,0.0
Ned Flanders,8,4,120.0
Ned Flanders,8,5,84.0
Ned Flanders,8,6,32.0
Ned Flanders,8,7,19.0
Ned Flanders,8,8,730.0
Ned Flanders,8,9,41.0
Ned Flanders,8,10,11.0
Ned Flanders,8,11,0.0
Ned Flanders,8,12,0.0
Ned Flanders,8,13,15.0
Ned Flanders,8,14,17.0
Ned Flanders,8,15,0.0
Ned Flanders,8,16,0.0
Ned Flanders,8,17,165.0
Ned Flanders,8,18,12.0
Ned Flanders,8,19,0.0
Ned Flanders,8,20,0.0
Ned Flanders,8,21,0.0
Ned Flanders,8,22,239.0
Ned Flanders,8,23,0.0
Ned Flanders,8,24,0.0
Ned Flanders,8,25,0.0
Ned Flanders,9,1,0.0
Ned Flanders,9,2,0.0
Ned Flanders,9,3,20.0
Ned Flanders,9,4,86.0
Ned Flanders,9,5,20.0
Ned Flanders,9,6,168.0
Ned Flanders,9,7,0.0
Ned Flanders,9,8,140.0
Ned Flanders,9,9,261.0
Ned Flanders,9,10,25.0
Ned Flanders,9,11,0.0
Ned Flanders,9,12,5.0
Ned Flanders,9,13,91.0
Ned Flanders,9,14,31.0
Ned Flanders,9,15,0.0
Ned Flanders,9,16,0.0
Ned Flanders,9,17,11.0
Ned Flanders,9,18,0.0
Ned Flanders,9,19,0.0
Ned Flanders,9,20,80.0
Ned Flanders,9,21,0.0
Ned Flanders,9,22,47.0
Ned Flanders,9,23,11.0
Ned Flanders,9,24,0.0
Ned Flanders,9,25,51.0
Ned Flanders,10,1,0.0
Ned Flanders,10,2,36.0
Ned Flanders,10,3,0.0
Ned Flanders,10,4,0.0
Ned Flanders,10,5,25.0
Ned Flanders,10,6,5.0
Ned Flanders,10,7,0.0
Ned Flanders,10,8,0.0
Ned Flanders,10,9,12.0
Ned Flanders,10,10,695.0
Ned Flanders,10,11,0.0
Ned Flanders,10,12,35.0
Ned Flanders,10,13,12.0
Ned Flanders,10,14,71.0
Ned Flanders,10,15,0.0
Ned Flanders,10,16,29.0
Ned Flanders,10,17,0.0
Ned Flanders,10,18,146.0
Ned Flanders,10,19,34.0
Ned Flanders,10,20,0.0
Ned Flanders,10,21,11.0
Ned Flanders,10,22,17.0
Ned Flanders,10,23,113.0
Ned Flanders,11,1,12.0
Ned Flanders,11,2,93.0
Ned Flanders,11,3,17.0
Ned Flanders,11,4,47.0
Ned Flanders,11,5,13.0
Ned Flanders,11,6,0.0
Ned Flanders,11,7,27.0
Ned Flanders,11,8,64.0
Ned Flanders,11,9,20.0
Ned Flanders,11,10,145.0
Ned Flanders,11,11,42.0
Ned Flanders,11,12,0.0
Ned Flanders,11,13,5.0
Ned Flanders,11,14,507.0
Ned Flanders,11,15,0.0
Ned Flanders,11,16,0.0
Ned Flanders,11,17,73.0
Ned Flanders,11,18,10.0
Ned Flanders,11,19,31.0
Ned Flanders,11,20,0.0
Ned Flanders,11,21,0.0
Ned Flanders,11,22,16.0
Ned Flanders,12,1,0.0
Ned Flanders,12,2,0.0
Ned Flanders,12,3,11.0
Ned Flanders,12,4,13.0
Ned Flanders,12,5,0.0
Ned Flanders,12,6,37.0
Ned Flanders,12,7,57.0
Ned Flanders,12,8,100.0
Ned Flanders,12,9,43.0
Ned Flanders,12,10,7.0
Ned Flanders,12,11,52.0
Ned Flanders,12,12,8.0
Ned Flanders,12,13,0.0
Ned Flanders,12,14,0.0
Ned Flanders,12,15,0.0
Ned Flanders,12,16,0.0
Ned Flanders,12,17,0.0
Ned Flanders,12,18,30.0
Ned Flanders,12,19,735.0
Ned Flanders,12,20,113.0
Ned Flanders,12,21,0.0
Ned Flanders,13,1,0.0
Ned Flanders,13,2,57.0
Ned Flanders,13,3,0.0
Ned Flanders,13,4,1.0
Ned Flanders,13,5,4.0
Ned Flanders,13,6,57.0
Ned Flanders,13,7,105.0
Ned Flanders,13,8,0.0
Ned Flanders,13,9,0.0
Ned Flanders,13,10,0.0
Ned Flanders,13,11,7.0
Ned Flanders,13,12,0.0
Ned Flanders,13,13,3.0
Ned Flanders,13,14,34.0
Ned Flanders,13,15,0.0
Ned Flanders,13,16,92.0
Ned Flanders,13,17,51.0
Ned Flanders,13,18,45.0
Ned Flanders,13,19,0.0
Ned Flanders,13,20,0.0
Ned Flanders,13,21,0.0
Ned Flanders,13,22,20.0
Ned Flanders,14,1,110.0
Ned Flanders,14,2,0.0
Ned Flanders,14,3,46.0
Ned Flanders,14,4,0.0
Ned Flanders,14,5,11.0
Ned Flanders,14,6,0.0
Ned Flanders,14,7,9.0
Ned Flanders,14,8,34.0
Ned Flanders,14,9,19.0
Ned Flanders,14,10,222.0
Ned Flanders,14,11,0.0
Ned Flanders,14,12,0.0
Ned Flanders,14,13,859.0
Ned Flanders,14,14,10.0
Ned Flanders,14,15,10.0
Ned Flanders,14,16,0.0
Ned Flanders,14,17,29.0
Ned Flanders,14,18,76.0
Ned Flanders,14,19,0.0
Ned Flanders,14,20,13.0
Ned Flanders,14,21,131.0
Ned Flanders,14,22,0.0
Ned Flanders,15,1,35.0
Ned Flanders,15,2,15.0
Ned Flanders,15,3,0.0
Ned Flanders,15,4,0.0
Ned Flanders,15,5,0.0
Ned Flanders,15,6,0.0
Ned Flanders,15,7,226.0
Ned Flanders,15,8,0.0
Ned Flanders,15,9,8.0
Ned Flanders,15,10,142.0
Ned Flanders,15,11,0.0
Ned Flanders,15,12,0.0
Ned Flanders,15,13,0.0
Ned Flanders,15,14,10.0
Ned Flanders,15,15,14.0
Ned Flanders,15,16,0.0
Ned Flanders,15,17,0.0
Ned Flanders,15,18,20.0
Ned Flanders,15,19,0.0
Ned Flanders,15,20,0.0
Ned Flanders,15,21,0.0
Ned Flanders,15,22,13.0
Ned Flanders,16,1,234.0
Ned Flanders,16,2,66.0
Ned Flanders,16,3,0.0
Ned Flanders,16,4,0.0
Ned Flanders,16,5,30.0
Ned Flanders,16,6,133.0
Ned Flanders,16,7,0.0
Ned Flanders,16,8,293.0
Ned Flanders,16,9,0.0
Ned Flanders,16,10,0.0
Ned Flanders,16,11,0.0
Ned Flanders,16,12,0.0
Ned Flanders,16,13,11.0
Ned Flanders,16,14,18.0
Ned Flanders,16,15,0.0
Ned Flanders,16,16,43.0
Ned Flanders,16,17,15.0
Ned Flanders,16,18,0.0
Ned Flanders,16,19,10.0
Ned Flanders,16,20,605.0
Ned Flanders,16,21,107.0
Ned Flanders,17,1,0.0
Ned Flanders,17,2,17.0
Ned Flanders,17,3,102.0
Ned Flanders,17,4,32.0
Ned Flanders,17,5,0.0
Ned Flanders,17,6,0.0
Ned Flanders,17,7,0.0
Ned Flanders,17,8,0.0
Ned Flanders,17,9,38.0
Ned Flanders,17,10,0.0
Ned Flanders,17,11,84.0
Ned Flanders,17,12,0.0
Ned Flanders,17,13,0.0
Ned Flanders,17,14,392.0
Ned Flanders,17,15,0.0
Ned Flanders,17,16,0.0
Ned Flanders,17,17,0.0
Ned Flanders,17,18,11.0
Ned Flanders,17,19,0.0
Ned Flanders,17,20,47.0
Ned Flanders,17,21,218.0
Ned Flanders,17,22,0.0
Ned Flanders,18,1,20.0
Ned Flanders,18,2,0.0
Ned Flanders,18,3,0.0
Ned Flanders,18,4,2.0
Ned Flanders,18,5,0.0
Ned Flanders,18,6,0.0
Ned Flanders,18,7,0.0
Ned Flanders,18,8,0.0
Ned Flanders,18,9,46.0
Ned Flanders,18,10,33.0
Ned Flanders,18,11,0.0
Ned Flanders,18,12,0.0
Ned Flanders,18,13,14.0
Ned Flanders,18,14,0.0
Ned Flanders,18,15,44.0
Ned Flanders,18,16,0.0
Ned Flanders,18,17,5.0
Ned Flanders,18,18,63.0
Ned Flanders,18,19,0.0
Ned Flanders,18,20,0.0
Ned Flanders,18,21,0.0
Ned Flanders,18,22,89.0
Ned Flanders,19,1,2.0
Ned Flanders,19,2,8.0
Ned Flanders,19,3,40.0
Ned Flanders,19,4,0.0
Ned Flanders,19,5,157.0
Ned Flanders,19,6,0.0
Ned Flanders,19,7,0.0
Ned Flanders,19,8,0.0
Ned Flanders,19,9,22.0
Ned Flanders,19,10,11.0
Ned Flanders,19,11,0.0
Ned Flanders,19,12,81.0
Ned Flanders,19,13,0.0
Ned Flanders,19,14,0.0
Ned Flanders,19,15,39.0
Ned Flanders,19,16,0.0
Ned Flanders,19,17,8.0
Ned Flanders,19,18,0.0
Ned Flanders,19,19,34.0
Ned Flanders,19,20,0.0
Ned Flanders,20,1,534.0
Ned Flanders,20,2,0.0
Ned Flanders,20,3,0.0
Ned Flanders,20,5,290.0
Ned Flanders,20,6,0.0
Ned Flanders,20,7,0.0
Ned Flanders,20,8,0.0
Ned Flanders,20,9,0.0
Ned Flanders,20,10,0.0
Ned Flanders,20,11,0.0
Ned Flanders,20,12,380.0
Ned Flanders,20,13,0.0
Ned Flanders,20,14,13.0
Ned Flanders,20,15,25.0
Ned Flanders,20,16,0.0
Ned Flanders,20,17,17.0
Ned Flanders,20,18,0.0
Ned Flanders,20,19,0.0
Ned Flanders,20,20,0.0
Ned Flanders,21,1,0.0
Ned Flanders,21,2,5.0
Ned Flanders,21,3,0.0
Ned Flanders,21,4,0.0
Ned Flanders,21,5,138.0
Ned Flanders,21,7,28.0
Ned Flanders,21,8,0.0
Ned Flanders,21,9,19.0
Ned Flanders,21,10,0.0
Ned Flanders,21,11,0.0
Ned Flanders,21,12,0.0
Ned Flanders,21,13,0.0
Ned Flanders,21,14,40.0
Ned Flanders,21,15,0.0
Ned Flanders,21,16,527.0
Ned Flanders,21,17,0.0
Ned Flanders,21,18,4.0
Ned Flanders,21,19,9.0
Ned Flanders,21,20,299.0
Ned Flanders,21,21,26.0
Ned Flanders,21,22,19.0
Ned Flanders,21,23,44.0
Ned Flanders,22,1,0.0
Ned Flanders,22,2,0.0
Ned Flanders,22,3,88.0
Ned Flanders,22,4,0.0
Ned Flanders,22,5,0.0
Ned Flanders,22,6,17.0
Ned Flanders,22,7,10.0
Ned Flanders,22,8,5.0
Ned Flanders,22,9,0.0
Ned Flanders,22,10,8.0
Ned Flanders,22,11,0.0
Ned Flanders,22,12,5.0
Ned Flanders,22,13,6.0
Ned Flanders,22,14,0.0
Ned Flanders,22,15,0.0
Ned Flanders,22,16,0.0
Ned Flanders,22,17,0.0
Ned Flanders,22,18,17.0
Ned Flanders,22,19,0.0
Ned Flanders,22,20,18.0
Ned Flanders,22,21,23.0
Ned Flanders,22,22,659.0
Ned Flanders,23,1,59.0
Ned Flanders,23,2,0.0
Ned Flanders,23,3,188.0
Ned Flanders,23,4,140.0
Ned Flanders,23,5,31.0
Ned Flanders,23,6,0.0
Ned Flanders,23,7,1.0
Ned Flanders,23,8,0.0
Ned Flanders,23,9,16.0
Ned Flanders,23,10,32.0
Ned Flanders,23,11,0.0
Ned Flanders,23,12,10.0
Ned Flanders,23,13,0.0
Ned Flanders,23,14,38.0
Ned Flanders,23,15,0.0
Ned Flanders,23,16,7.0
Ned Flanders,23,17,26.0
Ned Flanders,23,18,0.0
Ned Flanders,23,19,0.0
Ned Flanders,23,20,0.0
Ned Flanders,23,21,571.0
Ned Flanders,23,22,75.0
Ned Flanders,24,1,6.0
Ned Flanders,24,2,5.0
Ned Flanders,24,3,0.0
Ned Flanders,24,4,7.0
Ned Flanders,24,5,8.0
Ned Flanders,24,6,107.0
Ned Flanders,24,7,35.0
Ned Flanders,24,8,0.0
Ned Flanders,24,9,53.0
Ned Flanders,24,10,17.0
Ned Flanders,24,11,0.0
Ned Flanders,24,12,0.0
Ned Flanders,24,13,0.0
Ned Flanders,24,14,0.0
Ned Flanders,24,15,420.0
Ned Flanders,24,16,0.0
Ned Flanders,24,17,7.0
Ned Flanders,24,18,142.0
Ned Flanders,24,19,0.0
Ned Flanders,24,20,24.0
Ned Flanders,24,21,0.0
Ned Flanders,24,22,17.0
Ned Flanders,25,1,0.0
Ned Flanders,25,2,0.0
Ned Flanders,25,3,21.0
Ned Flanders,25,4,18.0
Ned Flanders,25,5,0.0
Ned Flanders,25,6,0.0
Ned Flanders,25,7,0.0
Ned Flanders,25,8,52.0
Ned Flanders,25,9,24.0
Ned Flanders,25,10,0.0
Ned Flanders,25,11,0.0
Ned Flanders,25,12,12.0
Ned Flanders,25,13,63.0
Ned Flanders,25,14,0.0
Ned Flanders,25,15,0.0
Ned Flanders,25,16,4.0
Ned Flanders,25,17,0.0
Ned Flanders,25,18,0.0
Ned Flanders,25,19,13.0
Ned Flanders,25,21,5.0
Ned Flanders,25,22,0.0
Ned Flanders,26,1,0.0
Ned Flanders,26,2,20.0
Ned Flanders,26,3,84.0
Ned Flanders,26,4,0.0
Ned Flanders,26,5,0.0
Ned Flanders,26,6,0.0
Ned Flanders,26,7,0.0
Ned Flanders,26,8,0.0
Ned Flanders,26,9,114.0
Ned Flanders,26,10,0.0
Ned Flanders,26,11,0.0
Ned Flanders,26,12,0.0
Ned Flanders,26,13,0.0
Ned Flanders,26,14,0.0
Ned Flanders,26,15,0.0
Ned Flanders,26,16,82.0
Seymour Skinner,1,1,47.0
Seymour Skinner,1,2,174.0
Seymour Skinner,1,3,0.0
Seymour Skinner,1,4,0.0
Seymour Skinner,1,5,79.0
Seymour Skinner,1,6,0.0
Seymour Skinner,1,7,0.0
Seymour Skinner,1,8,7.0
Seymour Skinner,1,9,0.0
Seymour Skinner,1,10,0.0
Seymour Skinner,1,11,361.0
Seymour Skinner,1,12,0.0
Seymour Skinner,1,13,0.0
Seymour Skinner,2,1,0.0
Seymour Skinner,2,2,0.0
Seymour Skinner,2,3,0.0
Seymour Skinner,2,4,0.0
Seymour Skinner,2,5,0.0
Seymour Skinner,2,6,0.0
Seymour Skinner,2,7,0.0
Seymour Skinner,2,8,46.0
Seymour Skinner,2,9,0.0
Seymour Skinner,2,10,0.0
Seymour Skinner,2,11,0.0
Seymour Skinner,2,12,0.0
Seymour Skinner,2,13,0.0
Seymour Skinner,2,14,658.0
Seymour Skinner,2,15,0.0
Seymour Skinner,2,16,0.0
Seymour Skinner,2,17,0.0
Seymour Skinner,2,18,0.0
Seymour Skinner,2,19,102.0
Seymour Skinner,2,20,0.0
Seymour Skinner,2,21,0.0
Seymour Skinner,2,22,0.0
Seymour Skinner,3,1,0.0
Seymour Skinner,3,2,0.0
Seymour Skinner,3,3,0.0
Seymour Skinner,3,4,407.0
Seymour Skinner,3,5,14.0
Seymour Skinner,3,6,0.0
Seymour Skinner,3,7,49.0
Seymour Skinner,3,8,166.0
Seymour Skinner,3,9,0.0
Seymour Skinner,3,10,0.0
Seymour Skinner,3,11,0.0
Seymour Skinner,3,12,0.0
Seymour Skinner,3,13,3.0
Seymour Skinner,3,14,0.0
Seymour Skinner,3,15,0.0
Seymour Skinner,3,16,45.0
Seymour Skinner,3,17,0.0
Seymour Skinner,3,18,393.0
Seymour Skinner,3,19,65.0
Seymour Skinner,3,20,0.0
Seymour Skinner,3,21,0.0
Seymour Skinner,3,22,120.0
Seymour Skinner,3,23,165.0
Seymour Skinner,3,24,0.0
Seymour Skinner,4,1,88.0
Seymour Skinner,4,2,0.0
Seymour Skinner,4,3,0.0
Seymour Skinner,4,4,69.0
Seymour Skinner,4,5,26.0
Seymour Skinner,4,6,0.0
Seymour Skinner,4,7,0.0
Seymour Skinner,4,8,17.0
Seymour Skinner,4,9,19.0
Seymour Skinner,4,10,0.0
Seymour Skinner,4,11,0.0
Seymour Skinner,4,12,13.0
Seymour Skinner,4,13,0.0
Seymour Skinner,4,14,83.0
Seymour Skinner,4,15,125.0
Seymour Skinner,4,16,79.0
Seymour Skinner,4,17,14.0
Seymour Skinner,4,18,0.0
Seymour Skinner,4,19,0.0
Seymour Skinner,4,20,294.0
Seymour Skinner,4,21,22.0
Seymour Skinner,4,22,0.0
Seymour Skinner,5,1,140.0
Seymour Skinner,5,2,0.0
Seymour Skinner,5,3,0.0
Seymour Skinner,5,4,11.0
Seymour Skinner,5,5,95.0
Seymour Skinner,5,6,0.0
Seymour Skinner,5,7,54.0
Seymour Skinner,5,8,29.0
Seymour Skinner,5,9,16.0
Seymour Skinner,5,10,66.0
Seymour Skinner,5,11,42.0
Seymour Skinner,5,12,58.0
Seymour Skinner,5,13,0.0
Seymour Skinner,5,14,0.0
Seymour Skinner,5,15,0.0
Seymour Skinner,5,16,0.0
Seymour Skinner,5,17,14.0
Seymour Skinner,5,18,22.0
Seymour Skinner,5,19,637.0
Seymour Skinner,5,20,417.0
Seymour Skinner,5,21,0.0
Seymour Skinner,5,22,25.0
Seymour Skinner,6,1,21.0
Seymour Skinner,6,2,306.0
Seymour Skinner,6,3,0.0
Seymour Skinner,6,4,0.0
Seymour Skinner,6,5,90.0
Seymour Skinner,6,6,239.0
Seymour Skinner,6,7,31.0
Seymour Skinner,6,8,133.0
Seymour Skinner,6,9,0.0
Seymour Skinner,6,10,0.0
Seymour Skinner,6,11,20.0
Seymour Skinner,6,12,25.0
Seymour Skinner,6,13,0.0
Seymour Skinner,6,14,450.0
Seymour Skinner,6,15,0.0
Seymour Skinner,6,16,0.0
Seymour Skinner,6,17,101.0
Seymour Skinner,6,18,10.0
Seymour Skinner,6,19,16.0
Seymour Skinner,6,20,13.0
Seymour Skinner,6,21,400.0
Seymour Skinner,6,22,105.0
Seymour Skinner,6,23,84.0
Seymour Skinner,6,24,0.0
Seymour Skinner,6,25,324.0
Seymour Skinner,7,1,62.0
Seymour Skinner,7,2,63.0
Seymour Skinner,7,3,33.0
Seymour Skinner,7,4,4.0
Seymour Skinner,7,5,89.0
Seymour Skinner,7,6,77.0
Seymour Skinner,7,7,0.0
Seymour Skinner,7,8,0.0
Seymour Skinner,7,9,0.0
Seymour Skinner,7,10,0.0
Seymour Skinner,7,11,0.0
Seymour Skinner,7,12,285.0
Seymour Skinner,7,13,48.0
Seymour Skinner,7,14,0.0
Seymour Skinner,7,15,17.0
Seymour Skinner,7,16,79.0
Seymour Skinner,7,17,0.0
Seymour Skinner,7,18,0.0
Seymour Skinner,7,19,0.0
Seymour Skinner,7,20,116.0
Seymour Skinner,7,21,155.0
Seymour Skinner,7,22,0.0
Seymour Skinner,7,23,28.0
Seymour Skinner,7,24,0.0
Seymour Skinner,7,25,8.0
Seymour Skinner,8,1,29.0
Seymour Skinner,8,2,1.0
Seymour Skinner,8,3,0.0
Seymour Skinner,8,4,0.0
Seymour Skinner,8,5,64.0
Seymour Skinner,8,6,0.0
Seymour Skinner,8,7,322.0
Seymour Skinner,8,8,0.0
Seymour Skinner,8,9,0.0
Seymour Skinner,8,10,0.0
Seymour Skinner,8,11,23.0
Seymour Skinner,8,12,0.0
Seymour Skinner,8,13,11.0
Seymour Skinner,8,14,0.0
Seymour Skinner,8,15,38.0
Seymour Skinner,8,16,0.0
Seymour Skinner,8,17,9.0
Seymour Skinner,8,18,0.0
Seymour Skinner,8,19,797.0
Seymour Skinner,8,20,0.0
Seymour Skinner,8,21,133.0
Seymour Skinner,8,22,65.0
Seymour Skinner,8,23,0.0
Seymour Skinner,8,24,225.0
Seymour Skinner,8,25,39.0
Seymour Skinner,9,1,0.0
Seymour Skinner,9,2,606.0
Seymour Skinner,9,3,124.0
Seymour Skinner,9,4,32.0
Seymour Skinner,9,5,7.0
Seymour Skinner,9,6,0.0
Seymour Skinner,9,7,0.0
Seymour Skinner,9,8,122.0
Seymour Skinner,9,9,22.0
Seymour Skinner,9,10,9.0
Seymour Skinner,9,11,0.0
Seymour Skinner,9,12,24.0
Seymour Skinner,9,13,14.0
Seymour Skinner,9,14,117.0
Seymour Skinner,9,15,12.0
Seymour Skinner,9,16,0.0
Seymour Skinner,9,17,3.0
Seymour Skinner,9,18,50.0
Seymour Skinner,9,19,73.0
Seymour Skinner,9,20,14.0
Seymour Skinner,9,21,54.0
Seymour Skinner,9,22,4.0
Seymour Skinner,9,23,0.0
Seymour Skinner,9,24,4.0
Seymour Skinner,9,25,6.0
Seymour Skinner,10,1,205.0
Seymour Skinner,10,2,0.0
Seymour Skinner,10,3,302.0
Seymour Skinner,10,4,0.0
Seymour Skinner,10,5,0.0
Seymour Skinner,10,6,20.0
Seymour Skinner,10,7,339.0
Seymour Skinner,10,8,0.0
Seymour Skinner,10,9,1.0
Seymour Skinner,10,10,0.0
Seymour Skinner,10,11,52.0
Seymour Skinner,10,12,50.0
Seymour Skinner,10,13,0.0
Seymour Skinner,10,14,8.0
Seymour Skinner,10,15,102.0
Seymour Skinner,10,16,25.0
Seymour Skinner,10,17,0.0
Seymour Skinner,10,18,134.0
Seymour Skinner,10,19,65.0
Seymour Skinner,10,20,170.0
Seymour Skinner,10,21,0.0
Seymour Skinner,10,22,288.0
Seymour Skinner,10,23,0.0
Seymour Skinner,11,1,0.0
Seymour Skinner,11,2,234.0
Seymour Skinner,11,3,71.0
Seymour Skinner,11,4,39.0
Seymour Skinner,11,5,5.0
Seymour Skinner,11,6,0.0
Seymour Skinner,11,7,0.0
Seymour Skinner,11,8,5.0
Seymour Skinner,11,9,296.0
Seymour Skinner,11,10,0.0
Seymour Skinner,11,11,0.0
Seymour Skinner,11,12,0.0
Seymour Skinner,11,13,0.0
Seymour Skinner,11,14,11.0
Seymour Skinner,11,15,0.0
Seymour Skinner,11,16,0.0
Seymour Skinner,11,17,0.0
Seymour Skinner,11,18,0.0
Seymour Skinner,11,19,0.0
Seymour Skinner,11,20,7.0
Seymour Skinner,11,21,54.0
Seymour Skinner,11,22,27.0
Seymour Skinner,12,1,0.0
Seymour Skinner,12,2,32.0
Seymour Skinner,12,3,0.0
Seymour Skinner,12,4,20.0
Seymour Skinner,12,5,31.0
Seymour Skinner,12,6,21.0
Seymour Skinner,12,7,14.0
Seymour Skinner,12,8,569.0
Seymour Skinner,12,9,43.0
Seymour Skinner,12,10,251.0
Seymour Skinner,12,11,26.0
Seymour Skinner,12,12,0.0
Seymour Skinner,12,13,56.0
Seymour Skinner,12,14,66.0
Seymour Skinner,12,15,8.0
Seymour Skinner,12,16,17.0
Seymour Skinner,12,17,0.0
Seymour Skinner,12,18,0.0
Seymour Skinner,12,19,77.0
Seymour Skinner,12,20,24.0
Seymour Skinner,12,21,7.0
Seymour Skinner,13,1,38.0
Seymour Skinner,13,2,1.0
Seymour Skinner,13,3,0.0
Seymour Skinner,13,4,0.0
Seymour Skinner,13,5,0.0
Seymour Skinner,13,6,0.0
Seymour Skinner,13,7,4.0
Seymour Skinner,13,8,10.0
Seymour Skinner,13,9,0.0
Seymour Skinner,13,10,0.0
Seymour Skinner,13,11,162.0
Seymour Skinner,13,12,0.0
Seymour Skinner,13,13,0.0
Seymour Skinner,13,14,0.0
Seymour Skinner,13,15,0.0
Seymour Skinner,13,16,0.0
Seymour Skinner,13,17,0.0
Seymour Skinner,13,18,211.0
Seymour Skinner,13,19,71.0
Seymour Skinner,13,20,127.0
Seymour Skinner,13,21,13.0
Seymour Skinner,13,22,22.0
Seymour Skinner,14,1,0.0
Seymour Skinner,14,2,9.0
Seymour Skinner,14,3,217.0
Seymour Skinner,14,4,52.0
Seymour Skinner,14,5,0.0
Seymour Skinner,14,6,0.0
Seymour Skinner,14,7,511.0
Seymour Skinner,14,8,49.0
Seymour Skinner,14,9,0.0
Seymour Skinner,14,10,0.0
Seymour Skinner,14,11,0.0
Seymour Skinner,14,12,219.0
Seymour Skinner,14,13,29.0
Seymour Skinner,14,14,0.0
Seymour Skinner,14,15,0.0
Seymour Skinner,14,16,131.0
Seymour Skinner,14,17,0.0
Seymour Skinner,14,18,0.0
Seymour Skinner,14,19,5.0
Seymour Skinner,14,20,71.0
Seymour Skinner,14,21,0.0
Seymour Skinner,14,22,0.0
Seymour Skinner,15,1,43.0
Seymour Skinner,15,2,5.0
Seymour Skinner,15,3,431.0
Seymour Skinner,15,4,0.0
Seymour Skinner,15,5,0.0
Seymour Skinner,15,6,0.0
Seymour Skinner,15,7,20.0
Seymour Skinner,15,8,0.0
Seymour Skinner,15,9,14.0
Seymour Skinner,15,10,0.0
Seymour Skinner,15,11,0.0
Seymour Skinner,15,12,12.0
Seymour Skinner,15,13,16.0
Seymour Skinner,15,14,7.0
Seymour Skinner,15,15,0.0
Seymour Skinner,15,16,44.0
Seymour Skinner,15,17,519.0
Seymour Skinner,15,18,0.0
Seymour Skinner,15,19,0.0
Seymour Skinner,15,20,0.0
Seymour Skinner,15,21,66.0
Seymour Skinner,15,22,60.0
Seymour Skinner,16,1,0.0
Seymour Skinner,16,2,0.0
Seymour Skinner,16,3,29.0
Seymour Skinner,16,4,0.0
Seymour Skinner,16,5,9.0
Seymour Skinner,16,6,0.0
Seymour Skinner,16,7,0.0
Seymour Skinner,16,8,18.0
Seymour Skinner,16,9,109.0
Seymour Skinner,16,10,0.0
Seymour Skinner,16,11,225.0
Seymour Skinner,16,12,0.0
Seymour Skinner,16,13,0.0
Seymour Skinner,16,14,20.0
Seymour Skinner,16,15,88.0
Seymour Skinner,16,16,0.0
Seymour Skinner,16,17,81.0
Seymour Skinner,16,18,0.0
Seymour Skinner,16,19,33.0
Seymour Skinner,16,20,0.0
Seymour Skinner,16,21,121.0
Seymour Skinner,17,1,0.0
Seymour Skinner,17,2,0.0
Seymour Skinner,17,3,0.0
Seymour Skinner,17,4,5.0
Seymour Skinner,17,5,82.0
Seymour Skinner,17,6,171.0
Seymour Skinner,17,7,73.0
Seymour Skinner,17,8,0.0
Seymour Skinner,17,9,22.0
Seymour Skinner,17,10,21.0
Seymour Skinner,17,11,145.0
Seymour Skinner,17,12,151.0
Seymour Skinner,17,13,20.0
Seymour Skinner,17,14,0.0
Seymour Skinner,17,15,0.0
Seymour Skinner,17,16,0.0
Seymour Skinner,17,17,0.0
Seymour Skinner,17,18,0.0
Seymour Skinner,17,19,259.0
Seymour Skinner,17,20,10.0
Seymour Skinner,17,21,78.0
Seymour Skinner,17,22,0.0
Seymour Skinner,18,1,24.0
Seymour Skinner,18,2,0.0
Seymour Skinner,18,3,169.0
Seymour Skinner,18,4,17.0
Seymour Skinner,18,5,18.0
Seymour Skinner,18,6,0.0
Seymour Skinner,18,7,0.0
Seymour Skinner,18,8,100.0
Seymour Skinner,18,9,0.0
Seymour Skinner,18,10,0.0
Seymour Skinner,18,11,8.0
Seymour Skinner,18,12,83.0
Seymour Skinner,18,13,0.0
Seymour Skinner,18,14,133.0
Seymour Skinner,18,15,0.0
Seymour Skinner,18,16,0.0
Seymour Skinner,18,17,80.0
Seymour Skinner,18,18,0.0
Seymour Skinner,18,19,76.0
Seymour Skinner,18,20,50.0
Seymour Skinner,18,21,197.0
Seymour Skinner,18,22,4.0
Seymour Skinner,19,1,10.0
Seymour Skinner,19,2,0.0
Seymour Skinner,19,3,5.0
Seymour Skinner,19,4,52.0
Seymour Skinner,19,5,35.0
Seymour Skinner,19,6,38.0
Seymour Skinner,19,7,0.0
Seymour Skinner,19,8,0.0
Seymour Skinner,19,9,0.0
Seymour Skinner,19,10,30.0
Seymour Skinner,19,11,0.0
Seymour Skinner,19,12,0.0
Seymour Skinner,19,13,326.0
Seymour Skinner,19,14,47.0
Seymour Skinner,19,15,9.0
Seymour Skinner,19,16,0.0
Seymour Skinner,19,17,0.0
Seymour Skinner,19,18,332.0
Seymour Skinner,19,19,0.0
Seymour Skinner,19,20,0.0
Seymour Skinner,20,1,12.0
Seymour Skinner,20,2,26.0
Seymour Skinner,20,3,0.0
Seymour Skinner,20,5,0.0
Seymour Skinner,20,6,79.0
Seymour Skinner,20,7,0.0
Seymour Skinner,20,8,5.0
Seymour Skinner,20,9,61.0
Seymour Skinner,20,10,0.0
Seymour Skinner,20,11,531.0
Seymour Skinner,20,12,0.0
Seymour Skinner,20,13,181.0
Seymour Skinner,20,14,21.0
Seymour Skinner,20,15,0.0
Seymour Skinner,20,16,0.0
Seymour Skinner,20,17,139.0
Seymour Skinner,20,18,47.0
Seymour Skinner,20,19,83.0
Seymour Skinner,20,20,0.0
Seymour Skinner,21,1,0.0
Seymour Skinner,21,2,143.0
Seymour Skinner,21,3,29.0
Seymour Skinner,21,4,21.0
Seymour Skinner,21,5,19.0
Seymour Skinner,21,7,13.0
Seymour Skinner,21,8,22.0
Seymour Skinner,21,9,0.0
Seymour Skinner,21,10,0.0
Seymour Skinner,21,11,0.0
Seymour Skinner,21,12,143.0
Seymour Skinner,21,13,13.0
Seymour Skinner,21,14,115.0
Seymour Skinner,21,15,137.0
Seymour Skinner,21,16,0.0
Seymour Skinner,21,17,0.0
Seymour Skinner,21,18,46.0
Seymour Skinner,21,19,0.0
Seymour Skinner,21,20,26.0
Seymour Skinner,21,21,0.0
Seymour Skinner,21,22,17.0
Seymour Skinner,21,23,0.0
Seymour Skinner,22,1,0.0
Seymour Skinner,22,2,144.0
Seymour Skinner,22,3,27.0
Seymour Skinner,22,4,0.0
Seymour Skinner,22,5,117.0
Seymour Skinner,22,6,0.0
Seymour Skinner,22,7,94.0
Seymour Skinner,22,8,0.0
Seymour Skinner,22,9,0.0
Seymour Skinner,22,10,27.0
Seymour Skinner,22,11,231.0
Seymour Skinner,22,12,0.0
Seymour Skinner,22,13,77.0
Seymour Skinner,22,14,0.0
Seymour Skinner,22,15,90.0
Seymour Skinner,22,16,134.0
Seymour Skinner,22,17,0.0
Seymour Skinner,22,18,10.0
Seymour Skinner,22,19,6.0
Seymour Skinner,22,20,9.0
Seymour Skinner,22,21,265.0
Seymour Skinner,22,22,166.0
Seymour Skinner,23,1,14.0
Seymour Skinner,23,2,312.0
Seymour Skinner,23,3,10.0
Seymour Skinner,23,4,60.0
Seymour Skinner,23,5,0.0
Seymour Skinner,23,6,191.0
Seymour Skinner,23,7,0.0
Seymour Skinner,23,8,0.0
Seymour Skinner,23,9,9.0
Seymour Skinner,23,10,0.0
Seymour Skinner,23,11,45.0
Seymour Skinner,23,12,0.0
Seymour Skinner,23,13,8.0
Seymour Skinner,23,14,32.0
Seymour Skinner,23,15,0.0
Seymour Skinner,23,16,0.0
Seymour Skinner,23,17,0.0
Seymour Skinner,23,18,0.0
Seymour Skinner,23,19,0.0
Seymour Skinner,23,20,32.0
Seymour Skinner,23,21,103.0
Seymour Skinner,23,22,61.0
Seymour Skinner,24,1,0.0
Seymour Skinner,24,2,0.0
Seymour Skinner,24,3,106.0
Seymour Skinner,24,4,0.0
Seymour Skinner,24,5,0.0
Seymour Skinner,24,6,70.0
Seymour Skinner,24,7,0.0
Seymour Skinner,24,8,0.0
Seymour Skinner,24,9,0.0
Seymour Skinner,24,10,274.0
Seymour Skinner,24,11,0.0
Seymour Skinner,24,12,10.0
Seymour Skinner,24,13,21.0
Seymour Skinner,24,14,0.0
Seymour Skinner,24,15,146.0
Seymour Skinner,24,16,142.0
Seymour Skinner,24,17,11.0
Seymour Skinner,24,18,0.0
Seymour Skinner,24,19,0.0
Seymour Skinner,24,20,110.0
Seymour Skinner,24,21,0.0
Seymour Skinner,24,22,0.0
Seymour Skinner,25,1,0.0
Seymour Skinner,25,2,22.0
Seymour Skinner,25,3,2.0
Seymour Skinner,25,4,183.0
Seymour Skinner,25,5,0.0
Seymour Skinner,25,6,123.0
Seymour Skinner,25,7,453.0
Seymour Skinner,25,8,0.0
Seymour Skinner,25,9,0.0
Seymour Skinner,25,10,0.0
Seymour Skinner,25,11,0.0
Seymour Skinner,25,12,21.0
Seymour Skinner,25,13,52.0
Seymour Skinner,25,14,0.0
Seymour Skinner,25,15,0.0
Seymour Skinner,25,16,163.0
Seymour Skinner,25,17,68.0
Seymour Skinner,25,18,0.0
Seymour Skinner,25,19,52.0
Seymour Skinner,25,21,0.0
Seymour Skinner,25,22,56.0
Seymour Skinner,26,1,0.0
Seymour Skinner,26,2,0.0
Seymour Skinner,26,3,0.0
Seymour Skinner,26,4,47.0
Seymour Skinner,26,5,8.0
Seymour Skinner,26,6,46.0
Seymour Skinner,26,7,52.0
Seymour Skinner,26,8,0.0
Seymour Skinner,26,9,14.0
Seymour Skinner,26,10,0.0
Seymour Skinner,26,11,35.0
Seymour Skinner,26,12,0.0
Seymour Skinner,26,13,0.0
Seymour Skinner,26,14,0.0
Seymour Skinner,26,15,0.0
Seymour Skinner,26,16,0.0
